,Date,Attack Type,Target,Acute Effect,Latent Effect,Fight Context,Continent,Weapon Type,Fight Ended,Mortality
0,1645.0,Cut,Head,Death,,Foot,Europe,Sword_vers,True,True
1,1645.0,Thrust,Torso,Ineffective,Ineffective,Foot,Europe,Polearm,False,False
2,1645.0,Thrust,Torso,Ineffective,Ineffective,Foot,Europe,Polearm,False,False
3,1645.0,Thrust,Torso,Ineffective,Ineffective,Foot,Europe,Polearm,False,False
4,1645.0,Thrust,Torso,Ineffective,Ineffective,Foot,Europe,Polearm,False,False
5,1645.0,Thrust,Torso,Ineffective,Ineffective,Foot,Europe,Polearm,False,False
6,1654.0,Cut,Arm,Death,,unspecified,Europe,Sword_vers,True,True
7,1654.0,Cut,Head,Death,,unspecified,Europe,Sword_vers,True,True
8,1654.0,Cut,Head,Death,,unspecified,Europe,Sword_vers,True,True
9,1654.0,Cut,Leg,Death,,unspecified,Europe,Sword_vers,True,True
10,1654.0,Cut,Torso,Death,,unspecified,Europe,Sword_vers,True,True
11,1679.0,Cut,Arm,Incapacitation,Incapacitation,Foot,Europe,Sword_vers,True,False
12,1679.0,Cut,Head,Death,,Foot,Europe,Sword_vers,True,True
13,1679.0,Thrust,unspecified,Ineffective,Ineffective,Foot,Europe,Sword_vers,False,False
14,1679.0,Cut,Arm,Ineffective,Ineffective,Horse,Europe,Sword_vers,False,False
15,1679.0,Cut,Head,Ineffective,Ineffective,Horse,Europe,Sword_vers,False,False
16,1679.0,Cut,Torso,Ineffective,Ineffective,Horse,Europe,Sword_vers,False,False
17,1679.0,Cut,Head,Incapacitation,Incapacitation,Horse,Europe,Sword_vers,True,False
18,1679.0,Cut,Arm,Incapacitation,Incapacitation,Horse,Europe,Sword_vers,True,False
19,1679.0,Cut,Arm,Ineffective,Ineffective,Horse,Europe,Sword_vers,False,False
20,1679.0,Cut,Arm,Ineffective,Ineffective,Horse,Europe,Sword_vers,False,False
21,1679.0,Cut,Arm,Ineffective,Ineffective,Horse,Europe,Sword_vers,False,False
22,1679.0,Cut,Head,Incapacitation,Incapacitation,Horse,Europe,Sword_vers,True,False
23,1679.0,Cut,Head,Ineffective,Ineffective,Horse,Europe,Sword_vers,False,False
24,1680.0,Cut,Head,Death,,Horse,Europe,Sword_vers,True,True
25,1680.0,Strike,Head,Ineffective,Ineffective,Foot,Europe,Sword_vers,False,False
26,1680.0,Strike,Head,Ineffective,Ineffective,Foot,Europe,Sword_vers,False,False
27,1680.0,Strike,Head,Incapacitation,Incapacitation,Foot,Europe,Sword_vers,True,False
28,1680.0,Cut,Head,Death,,Horse,Europe,Sword_vers,True,True
29,1680.0,Thrust,Torso,Ineffective,Ineffective,Horse,Europe,Sword_vers,False,False
30,1680.0,Thrust,Torso,Ineffective,Ineffective,Horse,Europe,Sword_vers,False,False
31,1680.0,Thrust,Torso,Ineffective,Ineffective,Horse,Europe,Sword_vers,False,False
32,1689.0,Thrust,Leg,Ineffective,Ineffective,Foot,Europe,Polearm,False,False
33,1689.0,Cut,Multiple,Ineffective,Ineffective,Foot vs Horse,Europe,Sword_vers,False,False
34,1689.0,Cut,Head,Death,,unspecified,Europe,Sword_vers,True,True
35,1803.0,Thrust,Leg,Ineffective,Ineffective,Foot,Asia,Polearm,False,False
36,1689.0,Cut,Various,Incapacitation,Incapacitation,Foot,Europe,Sword_2h,True,False
37,1689.0,Cut,Torso,Death,,Foot,Europe,Sword_vers,True,True
38,1689.0,Cut,Various,Death,,Foot,Europe,Other,True,True
39,1689.0,Cut,Various,Death,,Foot,Europe,Sword_vers,True,True
40,1689.0,Cut,Various,Death,,Foot,Europe,Sword_vers,True,True
41,1689.0,Cut,Various,Death,,Foot,Europe,Sword_2h,True,True
42,1715.0,Cut,Arm,Ineffective,Ineffective,Horse,Europe,Sword_cutting,False,False
43,1715.0,Cut,Head,Death,,Horse,Europe,Sword_vers,True,True
44,1715.0,Cut,Head,Ineffective,Ineffective,unspecified,Europe,Sword_cutting,False,False
45,1745.0,Cut,Various,Incapacitation,Incapacitation,Foot vs Horse,Europe,Polearm,True,False
46,1745.0,Cut,Arm,Incapacitation,Incapacitation,Foot,Europe,Sword_vers,True,False
47,1745.0,Cut,Head,Death,,Foot,Europe,Sword_vers,True,True
48,1745.0,Cut,Head,Incapacitation,Incapacitation,Foot vs Horse,Europe,Polearm,True,False
49,1745.0,Cut,Head,Incapacitation,Incapacitation,Foot vs Horse,Europe,Polearm,True,False
50,1745.0,Cut,Leg,Incapacitation,Incapacitation,Foot vs Horse,Europe,Sword_vers,True,False
51,1745.0,Cut,Torso,Incapacitation,Incapacitation,Foot vs Horse,Europe,Polearm,True,False
52,1745.0,Cut,Arm,Incapacitation,Incapacitation,unspecified,Europe,Sword_vers,True,False
53,1745.0,Cut,Leg,Incapacitation,Incapacitation,unspecified,Europe,Sword_vers,True,False
54,1746.0,Cut,Head,Death,,unspecified,Europe,Sword_vers,True,True
55,1833.0,Cut,Head,Incapacitation,Incapacitation,Horse,Europe,Sword_cutting,True,False
56,1812.0,Cut,Various,Ineffective,Ineffective,Horse,Europe,Sword_cutting,False,False
57,1812.0,Cut,Various,Ineffective,Ineffective,Horse,Europe,Sword_cutting,False,False
58,1810.0,Cut,Various,Ineffective,Ineffective,Horse,Europe,Sword_cutting,False,False
59,1834.0,Cut,Head,Death,,unspecified,Europe,Sword_cutting,True,True
60,1810.0,Cut,Various,unspecified,unspecified,Horse,Europe,Sword_cutting,False,False
61,1810.0,Cut,Head,unspecified,unspecified,unspecified,Europe,Sword_cutting,False,False
62,1813.0,Cut,Head,Incapacitation,Incapacitation,Horse,Europe,Sword_cutting,True,False
63,1811.0,Cut,Head,Death,,Horse,Europe,Sword_cutting,True,True
64,1810.0,Cut,Head,Death,,Horse,Europe,Sword_cutting,True,True
65,1810.0,Cut,Head,Ineffective,Ineffective,Horse,Europe,Sword_cutting,False,False
66,1810.0,Cut,Head,Ineffective,Ineffective,Horse,Europe,Sword_cutting,False,False
67,1810.0,Cut,Head,Death,,Horse,Europe,Sword_cutting,True,True
68,1810.0,Thrust,Torso,Ineffective,Ineffective,Horse,Europe,Sword_cutting,False,False
69,1811.0,Cut,Head,Death,,Horse,Europe,Sword_cutting,True,True
70,1811.0,Cut,Head,Ineffective,Ineffective,Horse,Europe,Sword_cutting,False,False
71,1811.0,unspecified,unspecified,Ineffective,Ineffective,Horse,Europe,Sword_cutting,False,False
72,1810.0,Thrust,Head,Death,,Horse,Europe,Sword_cutting,True,True
73,1810.0,Thrust,Torso,Ineffective,Ineffective,Horse,Europe,Sword_cutting,False,False
74,1810.0,Cut,Torso,Death,,Horse,Europe,Sword_cutting,True,True
75,1812.0,Cut,Hand,Ineffective,Ineffective,Horse,Europe,Sword_cutting,False,False
76,1812.0,Thrust,Torso,Ineffective,Ineffective,Horse,Europe,Sword_cutting,False,False
77,1812.0,Cut,Head,Ineffective,Ineffective,Horse,Europe,Sword_cutting,False,False
78,1812.0,Thrust,Torso,Incapacitation,Incapacitation,Horse,Europe,Sword_cutting,True,False
79,1812.0,Thrust,Torso,Incapacitation,Incapacitation,Horse,Europe,Sword_cutting,True,False
80,1813.0,Cut,unspecified,Ineffective,Ineffective,Horse,Europe,Sword_cutting,False,False
81,1813.0,Thrust,unspecified,Ineffective,Ineffective,Horse,Europe,Sword_cutting,False,False
82,1813.0,Thrust,unspecified,Ineffective,Ineffective,Horse,Europe,Sword_cutting,False,False
83,1813.0,Thrust,unspecified,Ineffective,Ineffective,Horse,Europe,Sword_cutting,False,False
84,1813.0,Thrust,unspecified,Ineffective,Ineffective,Horse,Europe,Sword_cutting,False,False
85,1813.0,Thrust,unspecified,Ineffective,Ineffective,Horse,Europe,Sword_cutting,False,False
86,1813.0,Thrust,unspecified,Ineffective,Ineffective,Horse,Europe,Sword_cutting,False,False
87,1813.0,Thrust,unspecified,Ineffective,Ineffective,Horse,Europe,Sword_cutting,False,False
88,1812.0,Cut,Head,Death,,Foot,Europe,Sword_cutting,True,True
89,1812.0,Thrust,Leg,Ineffective,Ineffective,Foot,Europe,Club,False,False
90,1812.0,Thrust,Leg,Ineffective,Ineffective,Foot,Europe,Polearm,False,False
91,1812.0,Strike,Various,Ineffective,Ineffective,Foot,Europe,Unarmed,False,False
92,1810.0,Cut,Head,Incapacitation,Incapacitation,Horse,Europe,Sword_cutting,True,False
93,1810.0,Cut,Head,Ineffective,Ineffective,Horse,Europe,Sword_cutting,False,False
94,1810.0,Cut,Head,Ineffective,Ineffective,Horse,Europe,Sword_cutting,False,False
95,1810.0,Cut,Head,Ineffective,Ineffective,Horse,Europe,Sword_cutting,False,False
96,1810.0,Thrust,Head,Incapacitation,Incapacitation,Horse,Europe,Sword_cutting,True,False
97,1810.0,Cut,Torso,Ineffective,Ineffective,Horse,Europe,Sword_cutting,False,False
98,1810.0,Cut,Torso,Ineffective,Ineffective,Horse,Europe,Sword_cutting,False,False
99,1810.0,Cut,Torso,Ineffective,Ineffective,Horse,Europe,Sword_cutting,False,False
100,1810.0,Cut,Torso,Ineffective,Ineffective,Horse,Europe,Sword_cutting,False,False
101,1810.0,Thrust,Torso,Incapacitation,Incapacitation,Horse,Europe,Sword_cutting,True,False
102,1810.0,Thrust,Torso,Ineffective,Ineffective,Horse,Europe,Sword_cutting,False,False
103,1810.0,Cut,Head,Death,,Horse,Europe,Sword_cutting,True,True
104,1810.0,Cut,Head,Death,,Horse,unknown,Sword_cutting,True,True
105,1810.0,Cut,Head,Incapacitation,Incapacitation,Horse,unknown,Sword_cutting,True,False
106,1814.0,Cut,Head,Death,,Horse,Europe,Sword_cutting,True,True
107,1815.0,Cut,Head,Incapacitation,Incapacitation,Horse,Europe,Sword_cutting,True,False
108,1815.0,Cut,Head,Incapacitation,Incapacitation,Horse,Europe,Sword_cutting,True,False
109,1815.0,Cut,Head,Ineffective,Ineffective,Horse,Europe,Sword_cutting,False,False
110,1816.0,Cut,Head,Death,,Horse,Europe,Sword_cutting,True,True
111,1816.0,Cut,Head,Incapacitation,Incapacitation,Horse,Europe,Sword_cutting,True,False
112,1816.0,Cut,Head,Death,,Horse,Europe,Sword_cutting,True,True
113,1816.0,Cut,Head,Ineffective,Ineffective,Horse,Europe,Sword_cutting,False,False
114,1810.0,Cut,Head,Death,,Horse,Europe,Sword_cutting,True,True
115,1810.0,Cut,Head,Death,,Horse,Europe,Sword_cutting,True,True
116,1810.0,Thrust,Torso,Ineffective,Ineffective,Horse,Europe,Sword_cutting,False,False
117,1810.0,Thrust,Head,Death,,Horse,Europe,Sword_cutting,True,True
118,1815.0,Cut,Head,Death,,Horse,Europe,Sword_cutting,True,True
119,1815.0,Cut,Head,Death,,Horse,Europe,Sword_cutting,True,True
120,1815.0,Thrust,Head,Death,,Horse,Europe,Sword_cutting,True,True
121,1815.0,Thrust,Arm,Ineffective,Ineffective,Foot,Europe,Sword_cutting,False,False
122,1815.0,unspecified,unspecified,Ineffective,Ineffective,Foot,Europe,Sword_cutting,False,False
123,1815.0,Thrust,Arm,Ineffective,Ineffective,Foot,Europe,Sword_cutting,False,False
124,1815.0,Cut,Head,Ineffective,Ineffective,Foot,Europe,Sword_cutting,False,False
125,1815.0,Strike,Head,Incapacitation,Incapacitation,Foot,Europe,Sword_cutting,True,False
126,1815.0,Strike,unspecified,Death,,Foot,Europe,Unarmed,True,True
127,1815.0,Cut,Head,Incapacitation,Incapacitation,Horse,Europe,Sword_cutting,True,False
128,1815.0,Cut,Head,Ineffective,Ineffective,Horse,Europe,Sword_cutting,False,False
129,1815.0,Strike,Head,Incapacitation,Incapacitation,Horse,Europe,Sword_cutting,True,False
130,1815.0,Strike,Head,Incapacitation,Incapacitation,Horse,Europe,Polearm,True,False
131,1815.0,Thrust,Torso,Incapacitation,Incapacitation,Horse,Europe,Polearm,True,False
132,1815.0,Thrust,Torso,Incapacitation,Incapacitation,Horse,Europe,Polearm,True,False
133,1815.0,Cut,Arm,Incapacitation,Incapacitation,Horse,Europe,Sword_cutting,True,False
134,1815.0,Thrust,Head,Death,,Horse,Europe,Sword_cutting,True,True
135,1815.0,Cut,Head,Death,,Horse,Europe,Sword_cutting,True,True
136,1815.0,Cut,Head,Incapacitation,Incapacitation,Horse,Europe,Sword_cutting,True,False
137,1815.0,Cut,Head,Incapacitation,Incapacitation,Horse,Europe,Sword_cutting,True,False
138,1815.0,Cut,Head,Incapacitation,Incapacitation,Foot vs Horse,Europe,Sword_cutting,True,False
139,1798.0,Thrust,Torso,Death,,Foot,Africa,Sword_2h,True,True
140,1801.0,Cut,Head,Death,,Foot vs Horse,Africa,Sword_2h,True,True
141,1801.0,Cut,Head,Death,,Foot vs Horse,Africa,Sword_2h,True,True
142,1807.0,Cut,unspecified,Ineffective,Ineffective,Foot,Naval Combat,Sword_cutting,False,False
143,1807.0,Cut,unspecified,Ineffective,Ineffective,Foot,Naval Combat,Sword_cutting,False,False
144,1807.0,Cut,unspecified,Ineffective,Ineffective,Foot,Naval Combat,Sword_cutting,False,False
145,1807.0,Cut,unspecified,Ineffective,Ineffective,Foot,Naval Combat,Sword_cutting,False,False
146,1807.0,Cut,unspecified,Ineffective,Ineffective,Foot,Naval Combat,Sword_cutting,False,False
147,1807.0,Thrust,unspecified,Ineffective,Ineffective,Foot,Naval Combat,Polearm,False,False
148,1807.0,Thrust,unspecified,Ineffective,Ineffective,Foot,Naval Combat,Polearm,False,False
149,1807.0,Thrust,unspecified,Ineffective,Ineffective,Foot,Naval Combat,Polearm,False,False
150,1807.0,Thrust,unspecified,Ineffective,Ineffective,Foot,Naval Combat,Polearm,False,False
151,1807.0,Thrust,unspecified,Ineffective,Ineffective,Foot,Naval Combat,Polearm,False,False
152,1807.0,Thrust,unspecified,Ineffective,Ineffective,Foot,Naval Combat,Polearm,False,False
153,1807.0,Thrust,unspecified,Ineffective,Ineffective,Foot,Naval Combat,Polearm,False,False
154,1820.0,Cut,Head,Ineffective,Ineffective,Foot,Europe,Sword_cutting,False,False
155,1820.0,Cut,Leg,Ineffective,Ineffective,Foot,Europe,Dagger,False,False
156,1820.0,Thrust,Torso,Death,,Foot,Europe,Dagger,True,True
157,1820.0,Thrust,Torso,Death,,Foot,Europe,Sword_cutting,True,True
158,1820.0,Thrust,Torso,Incapacitation,Incapacitation,Foot,Europe,Sword_cutting,True,False
159,1824.0,Cut,unspecified,Incapacitation,Incapacitation,Foot,Naval Combat,Sword_cutting,True,False
160,1824.0,Cut,unspecified,Incapacitation,Incapacitation,Foot,Naval Combat,Sword_cutting,True,False
161,1824.0,Cut,unspecified,Incapacitation,Incapacitation,Foot,Naval Combat,Sword_cutting,True,False
162,1824.0,Thrust,unspecified,Death,,Foot,Naval Combat,Sword_cutting,True,True
163,1824.0,unspecified,Head,Death,,Foot,Naval Combat,Sword_cutting,True,True
164,1824.0,unspecified,Leg,Ineffective,Ineffective,Foot,Naval Combat,Sword_cutting,False,False
165,1824.0,Thrust,Torso,Death,,Foot,Naval Combat,Sword_cutting,True,True
166,1824.0,Thrust,Torso,Ineffective,Death,Foot,Naval Combat,Polearm,False,True
167,1825.0,Cut,Head,Death,,Foot,Naval Combat,Sword_cutting,True,True
168,1824.0,Cut,Hand,Ineffective,Ineffective,Foot,Africa,Sword_cutting,False,False
169,1824.0,Cut,Torso,Ineffective,Ineffective,Foot,Africa,Club,False,False
170,1824.0,Cut,unspecified,Incapacitation,Incapacitation,Foot,Africa,Club,True,False
171,1824.0,Cut,Arm,Ineffective,Ineffective,Foot,Africa,Sword_cutting,False,False
172,1850.0,Cut,Head,Incapacitation,Incapacitation,Foot,Naval Combat,Dagger,True,False
173,1850.0,Thrust,Torso,Incapacitation,Death,Foot,Naval Combat,Dagger,True,True
174,1850.0,Thrust,Torso,Incapacitation,Death,Foot,Asia,Polearm,True,True
175,1850.0,Cut,Head,Incapacitation,Incapacitation,Foot,Asia,Sword_cutting,True,False
176,1850.0,Cut,Head,Death,,Foot,Asia,Sword_cutting,True,True
177,1850.0,Cut,Arm,Ineffective,Ineffective,Foot,Asia,Sword_cutting,False,False
178,1850.0,Strike,Head,Incapacitation,Incapacitation,Foot,Asia,Unarmed,True,False
179,1865.0,Thrust,Torso,Death,,Foot,Africa,Polearm,True,True
180,1865.0,Cut,Hand,Ineffective,Incapacitation,Foot,Africa,Sword_cutting,False,False
181,1865.0,Cut,Head,Ineffective,Incapacitation,Foot,Africa,Sword_cutting,False,False
182,1865.0,Cut,Torso,Ineffective,Incapacitation,Foot,Africa,Sword_cutting,False,False
183,1865.0,Thrust,Arm,Ineffective,Ineffective,Foot,Africa,Polearm,False,False
184,1865.0,Cut,Head,Death,,Foot,Africa,Sword_cutting,True,True
185,1865.0,Cut,Head,Incapacitation,Incapacitation,Foot,Africa,Sword_cutting,True,False
186,1881.0,Cut,Arm,Ineffective,Incapacitation,Foot,Africa,Sword_cutting,False,False
187,1881.0,Cut,Arm,Ineffective,Incapacitation,Foot,Africa,Sword_cutting,False,False
188,1881.0,Cut,Hand,Ineffective,Incapacitation,Foot,Africa,Sword_cutting,False,False
189,1881.0,Cut,Hand,Ineffective,Incapacitation,Foot,Africa,Sword_cutting,False,False
190,1881.0,Cut,Head,Ineffective,Ineffective,Foot,Africa,Sword_cutting,False,False
191,1881.0,Strike,unspecified,Incapacitation,Incapacitation,Foot,Africa,Club,True,False
192,1887.0,unspecified,Arm,Ineffective,Ineffective,Foot,Africa,Sword_cutting,False,False
193,1887.0,Thrust,Torso,Incapacitation,Incapacitation,Foot,Africa,Sword_cutting,True,False
194,1882.0,unspecified,Torso,Incapacitation,Death,Foot,Asia,Sword_cutting,True,True
195,1882.0,unspecified,unspecified,Ineffective,Ineffective,Foot,Asia,Sword_cutting,False,False
196,1882.0,unspecified,unspecified,Ineffective,Ineffective,Foot,Asia,Sword_cutting,False,False
197,1882.0,Cut,Head,Death,,Foot,Asia,Sword_cutting,True,True
198,1882.0,Thrust,unspecified,Death,,Foot,Asia,Sword_cutting,True,True
199,1882.0,Cut,Head,Death,,Foot,Asia,Sword_cutting,True,True
200,1882.0,Cut,Hand,Ineffective,Ineffective,Foot,Asia,Polearm,False,False
201,1882.0,Cut,Torso,Death,,Foot,Asia,Sword_cutting,True,True
202,1883.0,Cut,Hand,Incapacitation,Incapacitation,Horse,Africa,Sword_cutting,True,False
203,1885.0,Thrust,Arm,Ineffective,Ineffective,Foot,Africa,Polearm,False,False
204,1885.0,Thrust,Arm,Ineffective,Ineffective,Foot,Africa,Sword_cutting,False,False
205,1885.0,Cut,Leg,Incapacitation,Death,Foot,Africa,Polearm,True,True
206,1885.0,Thrust,Torso,Ineffective,Ineffective,Foot,Africa,Polearm,False,False
207,1885.0,Thrust,Hand,Ineffective,Ineffective,Foot,Africa,Sword_cutting,False,False
208,1885.0,Cut,Head,Incapacitation,Incapacitation,Foot,Africa,Other,True,False
209,1885.0,unspecified,Head,Ineffective,Ineffective,Foot,Africa,Other,False,False
210,1885.0,Cut,Leg,Ineffective,Ineffective,Foot,Africa,Sword_cutting,False,False
211,1885.0,Thrust,Arm,Ineffective,Ineffective,Foot vs Horse,Africa,Polearm,False,False
212,1885.0,Thrust,Head,Incapacitation,Ineffective,Foot vs Horse,Africa,Polearm,True,False
213,1885.0,Thrust,unspecified,Ineffective,Ineffective,Foot vs Horse,Africa,Polearm,False,False
214,1885.0,unspecified,unspecified,Ineffective,Ineffective,Foot vs Horse,Africa,Sword_cutting,False,False
215,1885.0,Cut,Head,Death,,Foot,Africa,Sword_cutting,True,True
216,1854.0,Cut,Head,Death,,Foot,Europe,Sword_cutting,True,True
217,1885.0,Strike,Head,Ineffective,Ineffective,Foot,Africa,Polearm,False,False
218,1885.0,Thrust,Head,Death,,Foot,Africa,Sword_cutting,True,True
219,1885.0,Cut,unspecified,Death,,Foot,Africa,Sword_cutting,True,True
220,1885.0,Cut,Head,Death,,Foot,Africa,Sword_cutting,True,True
221,1885.0,Cut,unspecified,Death,,Foot,Africa,Sword_cutting,True,True
222,1885.0,Cut,unspecified,Death,,Foot,Africa,Sword_cutting,True,True
223,1885.0,Thrust,Leg,Ineffective,Ineffective,Foot vs Horse,Africa,Polearm,False,False
224,1857.0,Thrust,Torso,Ineffective,Ineffective,Foot vs Horse,Asia,Polearm,False,False
225,1888.0,Cut,Arm,Ineffective,Ineffective,Foot vs Horse,Africa,Sword_cutting,False,False
226,1888.0,Cut,Head,Ineffective,Ineffective,Horse,Africa,Sword_cutting,False,False
227,1888.0,Cut,Torso,Death,,Horse,Africa,Sword_cutting,True,True
228,1888.0,Thrust,Head,Incapacitation,Incapacitation,Horse,Africa,Sword_cutting,True,False
229,1888.0,Cut,Arm,Ineffective,Ineffective,Foot,Africa,Sword_cutting,False,False
230,1888.0,Cut,Head,Death,,Foot,Africa,Sword_cutting,True,True
231,1888.0,Cut,Head,Ineffective,Ineffective,Foot,Africa,Sword_cutting,False,False
232,1764.0,Cut,Torso,Ineffective,Ineffective,Horse,Asia,Sword_cutting,False,False
233,1760.0,unspecified,Torso,Ineffective,Ineffective,Horse,Asia,Sword_cutting,False,False
234,1884.0,Cut,Various,Ineffective,Ineffective,Foot vs Horse,Africa,Sword_cutting,False,False
235,1884.0,Cut,Various,Ineffective,Ineffective,Foot vs Horse,Africa,Sword_cutting,False,False
236,1884.0,Cut,Various,Ineffective,Ineffective,Foot vs Horse,Africa,Sword_cutting,False,False
237,1889.0,Thrust,Torso,Incapacitation,Incapacitation,Foot vs Horse,Africa,Sword_cutting,True,False
238,1889.0,Cut,Head,Ineffective,Ineffective,Horse,Africa,Sword_cutting,False,False
239,1889.0,Cut,Torso,Ineffective,Ineffective,Horse,Africa,Sword_cutting,False,False
240,1889.0,Strike,Head,Incapacitation,Incapacitation,Horse,Africa,Sword_cutting,True,False
241,1889.0,Cut,Torso,Ineffective,Ineffective,Horse,Africa,Sword_cutting,False,False
242,1889.0,Thrust,unspecified,Death,,Horse,Africa,Sword_cutting,True,True
243,,Cut,Arm,Ineffective,Ineffective,Foot,Asia,Sword_cutting,False,False
244,,Strike,Head,Incapacitation,Incapacitation,Foot,Asia,Sword_cutting,True,False
245,,unspecified,unspecified,Death,,Foot,Asia,Sword_cutting,True,True
246,,Strike,Head,Death,,Foot,Asia,Sword_cutting,True,True
247,1880.0,Cut,Head,Ineffective,Ineffective,Foot,Africa,Sword_cutting,False,False
248,1880.0,Thrust,Torso,Ineffective,Ineffective,Foot,Africa,Sword_cutting,False,False
249,1880.0,Strike,Various,Ineffective,Ineffective,Foot,Africa,Sword_cutting,False,False
250,1879.0,Thrust,Torso,Incapacitation,Incapacitation,Foot,Africa,Polearm,True,False
251,1879.0,Thrust,Torso,Incapacitation,Incapacitation,Foot vs Horse,Africa,Polearm,True,False
252,1881.0,Thrust,Torso,Death,,Foot vs Horse,Africa,Sword_cutting,True,True
253,1881.0,Cut,unspecified,Incapacitation,Incapacitation,Foot vs Horse,Africa,Sword_cutting,True,False
254,1881.0,Cut,unspecified,Incapacitation,Incapacitation,Foot vs Horse,Africa,Sword_cutting,True,False
255,1881.0,Cut,unspecified,Incapacitation,Incapacitation,Foot vs Horse,Africa,Sword_cutting,True,False
256,1880.0,Cut,Hand,Incapacitation,Incapacitation,Foot vs Horse,Africa,Polearm,True,False
257,1879.0,Cut,Head,Death,,Foot vs Horse,Africa,Sword_cutting,True,True
258,1879.0,Thrust,Torso,Incapacitation,Incapacitation,Foot vs Horse,Africa,Sword_cutting,True,False
259,1879.0,unspecified,Torso,Ineffective,Ineffective,Foot vs Horse,Africa,Polearm,False,False
260,1879.0,Cut,Torso,Death,,Foot vs Horse,Africa,Sword_cutting,True,True
261,1879.0,Cut,Head,Death,,Foot vs Horse,Africa,Sword_cutting,True,True
262,1879.0,Thrust,Torso,Ineffective,Ineffective,Foot vs Horse,Africa,Sword_cutting,False,False
263,1879.0,Cut,Arm,Incapacitation,Incapacitation,unspecified,Africa,Sword_cutting,True,False
264,1759.0,Thrust,Hand,Ineffective,Ineffective,Foot,North America,Polearm,False,False
265,1759.0,Thrust,Torso,Ineffective,Death,Foot,North America,Dagger,False,True
266,1759.0,Thrust,Torso,Ineffective,Death,Foot,North America,Dagger,False,True
267,1759.0,Thrust,Torso,Ineffective,Death,Foot,North America,Dagger,False,True
268,1759.0,Thrust,Torso,Ineffective,Ineffective,Foot,North America,Polearm,False,False
269,1803.0,Thrust,Torso,Ineffective,Ineffective,Foot vs Horse,Asia,Polearm,False,False
270,1803.0,Thrust,Torso,Ineffective,Ineffective,Foot vs Horse,Asia,Polearm,False,False
271,1803.0,unspecified,unspecified,Death,,Foot vs Horse,Asia,Polearm,True,True
272,1854.0,Strike,Head,Incapacitation,Incapacitation,Foot,Europe,Unarmed,True,False
273,1854.0,Thrust,Head,Ineffective,Ineffective,Foot,Europe,Polearm,False,False
274,1854.0,Thrust,Torso,Death,,Foot,Europe,Polearm,True,True
275,1854.0,Thrust,Torso,Death,,Foot,Europe,Polearm,True,True
276,1854.0,Thrust,Torso,Ineffective,Ineffective,Foot,Europe,Polearm,False,False
277,1854.0,Thrust,Torso,Ineffective,Ineffective,Foot,Europe,Polearm,False,False
278,1843.0,Thrust,Torso,Death,,Foot,Asia,Polearm,True,True
279,1843.0,Thrust,Torso,Ineffective,Death,Foot,Asia,Polearm,False,True
280,1843.0,Thrust,Torso,Ineffective,Ineffective,Foot,Asia,Polearm,False,False
281,1840.0,Cut,Head,Death,,Foot,Oceania,Sword_cutting,True,True
282,1840.0,Thrust,Torso,Ineffective,Death,Foot,Oceania,Polearm,False,True
283,1392.0,Cut,Leg,Incapacitation,Incapacitation,Foot vs Horse,Europe,Sword_2h,True,False
284,1392.0,Thrust,Torso,Ineffective,Death,Foot vs Horse,Europe,Polearm,False,True
285,1850.0,Cut,Head,unspecified,unspecified,Foot,Asia,Sword_cutting,False,False
286,1850.0,Cut,Head,unspecified,unspecified,Foot,Asia,Sword_cutting,False,False
287,1840.0,Cut,Torso,Death,,Foot,Asia,Sword_cutting,True,True
288,1840.0,Thrust,Torso,Ineffective,Ineffective,Foot,Asia,Polearm,False,False
289,1846.0,Thrust,Torso,Ineffective,Death,Foot,Asia,Polearm,False,True
290,1846.0,Cut,unspecified,Incapacitation,Death,Foot,Asia,Sword_2h,True,True
291,1849.0,Cut,Hand,Ineffective,Ineffective,Foot,Asia,Sword_cutting,False,False
292,1849.0,Strike,Head,Incapacitation,Incapacitation,Foot,Asia,Unarmed,True,False
293,1849.0,Thrust,Torso,Ineffective,Ineffective,Foot,Asia,Polearm,False,False
294,1849.0,Cut,unspecified,Death,,Foot,Asia,Sword_cutting,True,True
295,1857.0,Cut,Hand,Ineffective,Ineffective,Foot,Asia,Sword_cutting,False,False
296,1857.0,Strike,Head,Death,,Foot,Asia,Club,True,True
297,1857.0,Thrust,unspecified,Incapacitation,Incapacitation,Foot,Asia,Polearm,True,False
298,1849.0,Thrust,Torso,Ineffective,Death,Foot,Asia,Sword_cutting,False,True
299,1849.0,Thrust,Torso,Ineffective,Death,Foot,Asia,Sword_cutting,False,True
300,1857.0,Cut,Hand,Ineffective,Death,Foot,Asia,Sword_cutting,False,True
301,1857.0,Thrust,Torso,Ineffective,Ineffective,Foot,Asia,Polearm,False,False
302,1859.0,Cut,Head,Death,,Foot,Asia,Sword_cutting,True,True
303,1859.0,Thrust,Torso,Ineffective,Death,Foot,Asia,Polearm,False,True
304,1864.0,Thrust,Torso,Ineffective,Ineffective,Foot,Oceania,Polearm,False,False
305,1863.0,Cut,Arm,Incapacitation,Incapacitation,Foot,Oceania,Other,True,False
306,1863.0,Thrust,Torso,Ineffective,Ineffective,Foot,Oceania,Polearm,False,False
307,1849.0,Thrust,Torso,Ineffective,Ineffective,Foot vs Horse,Asia,Polearm,False,False
308,1849.0,Cut,Hand,unspecified,unspecified,Foot vs Horse,Asia,Sword_cutting,False,False
309,1849.0,Thrust,Torso,Ineffective,Death,Foot vs Horse,Asia,Polearm,False,True
310,1849.0,Thrust,Torso,Ineffective,Ineffective,Foot vs Horse,Asia,Polearm,False,False
311,1857.0,Cut,Leg,Incapacitation,Incapacitation,Foot vs Horse,Asia,Sword_cutting,True,False
312,1857.0,Cut,Head,Death,,Foot vs Horse,Asia,Sword_cutting,True,True
313,1857.0,Cut,Leg,Incapacitation,Incapacitation,Foot vs Horse,Asia,Sword_cutting,True,False
314,1599.0,Thrust,Arm,Ineffective,Ineffective,Foot,Europe,Dagger,False,False
315,1599.0,Thrust,Arm,Ineffective,Ineffective,Foot,Europe,Sword_vers,False,False
316,1599.0,Strike,Head,Ineffective,Ineffective,Foot,Europe,Sword_vers,False,False
317,1599.0,Strike,Head,Ineffective,Ineffective,Foot,Europe,Sword_vers,False,False
318,1599.0,Thrust,Head,Ineffective,Ineffective,Foot,Europe,Sword_vers,False,False
319,1599.0,Thrust,Leg,Ineffective,Ineffective,Foot,Europe,Sword_vers,False,False
320,1599.0,Thrust,Torso,Ineffective,Ineffective,Foot,Europe,Sword_vers,False,False
321,1599.0,Thrust,Torso,Ineffective,Ineffective,Foot,Europe,Sword_vers,False,False
322,1599.0,Thrust,unspecified,Ineffective,Ineffective,Foot,Europe,Sword_vers,False,False
323,1756.0,Cut,Head,Incapacitation,Incapacitation,Foot,Asia,Sword_cutting,True,False
324,1756.0,Cut,Head,Incapacitation,Incapacitation,Foot,Asia,Sword_cutting,True,False
325,1756.0,Cut,Arm,Ineffective,Ineffective,Foot,Asia,Sword_cutting,False,False
326,1756.0,Cut,Hand,Incapacitation,Incapacitation,Foot,Asia,Sword_cutting,True,False
327,1756.0,Cut,Head,Ineffective,Ineffective,Foot,Asia,Sword_cutting,False,False
328,1756.0,Cut,Leg,Ineffective,Ineffective,Foot,Asia,Sword_cutting,False,False
329,1756.0,Cut,Leg,Ineffective,Ineffective,Foot,Asia,Sword_cutting,False,False
330,1745.0,Thrust,Head,Death,,Foot,Europe,Sword_vers,True,True
331,1799.0,Thrust,unspecified,Death,,Foot,South America,Sword_cutting,True,True
332,1799.0,Cut,Arm,unspecified,unspecified,Foot,South America,Sword_cutting,False,False
333,1799.0,Strike,Head,Incapacitation,Ineffective,Foot,South America,Club,True,False
334,1799.0,Thrust,Leg,Ineffective,Ineffective,Foot,South America,Polearm,False,False
335,1799.0,Cut,Leg,Ineffective,Ineffective,Foot,South America,Sword_cutting,False,False
336,1801.0,Cut,Arm,Incapacitation,Ineffective,Foot,Europe,Sword_cutting,True,False
337,1801.0,unspecified,Arm,Ineffective,Ineffective,Foot,Europe,Other,False,False
338,1801.0,unspecified,Head,Ineffective,Ineffective,Foot,Europe,Other,False,False
339,1801.0,unspecified,Torso,Ineffective,Ineffective,Foot,Europe,Other,False,False
340,1801.0,Thrust,Torso,Death,,Foot,Europe,Other,True,True
341,1813.0,Cut,unspecified,Incapacitation,Ineffective,Horse,Europe,Sword_cutting,True,False
342,1813.0,Cut,unspecified,Incapacitation,Ineffective,Horse,Europe,Sword_cutting,True,False
343,1813.0,Cut,unspecified,Incapacitation,Ineffective,Horse,Europe,Sword_cutting,True,False
344,1813.0,Cut,unspecified,Incapacitation,Ineffective,Horse,Europe,Sword_cutting,True,False
345,1813.0,Cut,unspecified,Incapacitation,Ineffective,Horse,Europe,Sword_cutting,True,False
346,1813.0,Strike,unspecified,Incapacitation,Ineffective,Horse,Europe,Polearm,True,False
347,1813.0,Cut,Arm,Ineffective,Ineffective,Horse,Europe,Sword_cutting,False,False
348,1813.0,Cut,Arm,Ineffective,Ineffective,Horse,Europe,Sword_cutting,False,False
349,1813.0,Cut,Arm,Ineffective,Ineffective,Horse,Europe,Sword_cutting,False,False
350,1813.0,Thrust,Head,Incapacitation,Incapacitation,Horse,Europe,Polearm,True,False
351,1813.0,Cut,unspecified,Incapacitation,Incapacitation,Foot,Naval Combat,Sword_cutting,True,False
352,1813.0,Cut,unspecified,Incapacitation,Incapacitation,Foot,Naval Combat,Sword_cutting,True,False
353,1813.0,Cut,unspecified,Incapacitation,Incapacitation,Foot,Naval Combat,Sword_cutting,True,False
354,1813.0,Thrust,unspecified,Incapacitation,Incapacitation,Foot,Naval Combat,Sword_cutting,True,False
355,1813.0,Cut,Arm,Incapacitation,Incapacitation,Foot,Naval Combat,Sword_cutting,True,False
356,1813.0,Cut,Head,Incapacitation,Incapacitation,Foot,Naval Combat,Sword_cutting,True,False
357,1813.0,Cut,Head,Incapacitation,Incapacitation,Foot,Naval Combat,Sword_cutting,True,False
358,1813.0,Strike,Head,Incapacitation,Incapacitation,Foot,Naval Combat,Club,True,False
359,1813.0,Cut,Head,Death,,Foot,Naval Combat,Sword_cutting,True,True
360,1814.0,Cut,Head,Incapacitation,Incapacitation,Horse,Europe,Sword_cutting,True,False
361,1814.0,Strike,Head,Incapacitation,Incapacitation,Horse,Europe,Sword_cutting,True,False
362,1814.0,Strike,Head,Incapacitation,Incapacitation,Horse,Europe,Sword_cutting,True,False
363,1814.0,Thrust,Torso,Incapacitation,Incapacitation,Horse,Europe,Sword_cutting,True,False
364,1814.0,Strike,unspecified,Incapacitation,Incapacitation,Horse,Europe,Unarmed,True,False
365,1814.0,Strike,unspecified,Incapacitation,Incapacitation,Horse,Europe,Unarmed,True,False
366,1815.0,Strike,Head,Incapacitation,Incapacitation,Horse,Europe,Sword_cutting,True,False
367,1854.0,Strike,Head,unspecified,unspecified,Horse,Europe,Sword_cutting,False,False
368,1854.0,Strike,Head,unspecified,unspecified,Horse,Europe,Sword_cutting,False,False
369,1854.0,Strike,Head,unspecified,unspecified,Horse,Europe,Sword_cutting,False,False
370,1814.0,Strike,Head,Incapacitation,Incapacitation,Foot,North America,Club,True,False
371,1814.0,Strike,Head,Incapacitation,Incapacitation,Foot,North America,Polearm,True,False
372,1814.0,Cut,Arm,Ineffective,Ineffective,Foot,North America,Other,False,False
373,1814.0,Thrust,Head,Ineffective,Ineffective,Foot,North America,Other,False,False
374,1814.0,Thrust,unspecified,Ineffective,Incapacitation,Foot vs Horse,Europe,Polearm,False,False
375,1814.0,Thrust,unspecified,Ineffective,Incapacitation,Foot vs Horse,Europe,Polearm,False,False
376,1814.0,Thrust,unspecified,Ineffective,Incapacitation,Foot vs Horse,Europe,Polearm,False,False
377,1814.0,Thrust,unspecified,Ineffective,Incapacitation,Foot vs Horse,Europe,Polearm,False,False
378,1814.0,Thrust,unspecified,Ineffective,Incapacitation,Foot vs Horse,Europe,Polearm,False,False
379,1814.0,Thrust,unspecified,Ineffective,Incapacitation,Foot vs Horse,Europe,Polearm,False,False
380,1814.0,Thrust,unspecified,Ineffective,Incapacitation,Foot vs Horse,Europe,Polearm,False,False
381,1814.0,Thrust,unspecified,Ineffective,Incapacitation,Foot vs Horse,Europe,Polearm,False,False
382,1814.0,Thrust,unspecified,Ineffective,Incapacitation,Foot vs Horse,Europe,Polearm,False,False
383,1814.0,Thrust,unspecified,Ineffective,Incapacitation,Foot vs Horse,Europe,Polearm,False,False
384,1814.0,Thrust,unspecified,Ineffective,Incapacitation,Foot vs Horse,Europe,Polearm,False,False
385,1814.0,Thrust,unspecified,Ineffective,Incapacitation,Foot vs Horse,Europe,Polearm,False,False
386,1814.0,Thrust,unspecified,Ineffective,Incapacitation,Foot vs Horse,Europe,Polearm,False,False
387,1814.0,Thrust,unspecified,Ineffective,Incapacitation,Foot vs Horse,Europe,Polearm,False,False
388,1814.0,Thrust,unspecified,Ineffective,Incapacitation,Foot vs Horse,Europe,Polearm,False,False
389,1814.0,Thrust,unspecified,Ineffective,Incapacitation,Foot vs Horse,Europe,Polearm,False,False
390,1814.0,Thrust,unspecified,Ineffective,Incapacitation,Foot vs Horse,Europe,Polearm,False,False
391,1815.0,Cut,Head,Death,,Foot vs Horse,Europe,Sword_cutting,True,True
392,1815.0,Cut,Head,Incapacitation,Incapacitation,Horse,Europe,Sword_cutting,True,False
393,1815.0,Cut,Head,Ineffective,Ineffective,Horse,Europe,Sword_cutting,False,False
394,1815.0,Cut,Head,Incapacitation,Incapacitation,Horse,Europe,Sword_cutting,True,False
395,1815.0,Cut,Head,Incapacitation,Incapacitation,Horse,Europe,Sword_cutting,True,False
396,1833.0,Strike,Head,Incapacitation,Incapacitation,Foot,Naval Combat,Unarmed,True,False
397,1833.0,Cut,Head,Ineffective,Ineffective,Foot,Naval Combat,Sword_cutting,False,False
398,1833.0,Cut,Head,Ineffective,Ineffective,Foot,Naval Combat,Sword_cutting,False,False
399,1833.0,Strike,Head,Incapacitation,Incapacitation,Foot,Naval Combat,Sword_cutting,True,False
400,1833.0,Strike,Head,Ineffective,Ineffective,Foot,Naval Combat,Club,False,False
401,1833.0,Thrust,unspecified,Ineffective,Ineffective,Foot,Naval Combat,Other,False,False
402,1833.0,Thrust,unspecified,Ineffective,Ineffective,Foot,Naval Combat,Other,False,False
403,1833.0,unspecified,unspecified,Ineffective,Ineffective,Foot,Naval Combat,Other,False,False
404,1833.0,unspecified,unspecified,Ineffective,Ineffective,Foot,Naval Combat,Other,False,False
405,1833.0,unspecified,unspecified,Ineffective,Ineffective,Foot,Naval Combat,Other,False,False
406,1833.0,unspecified,unspecified,Ineffective,Ineffective,Foot,Naval Combat,Other,False,False
407,1833.0,unspecified,unspecified,Ineffective,Ineffective,Foot,Naval Combat,Other,False,False
408,1833.0,unspecified,unspecified,Ineffective,Ineffective,Foot,Naval Combat,Other,False,False
409,1833.0,unspecified,unspecified,Ineffective,Ineffective,Foot,Naval Combat,Other,False,False
410,1833.0,unspecified,unspecified,Ineffective,Ineffective,Foot,Naval Combat,Other,False,False
411,1833.0,unspecified,unspecified,Ineffective,Ineffective,Foot,Naval Combat,Other,False,False
412,1833.0,unspecified,unspecified,Ineffective,Ineffective,Foot,Naval Combat,Other,False,False
413,1833.0,Strike,Torso,Ineffective,Ineffective,Foot,Naval Combat,Club,False,False
414,1833.0,Cut,Arm,Ineffective,Ineffective,Foot,Naval Combat,Sword_cutting,False,False
415,1833.0,Cut,Head,Incapacitation,Incapacitation,Foot,Naval Combat,Sword_cutting,True,False
416,1833.0,Cut,Head,Incapacitation,Incapacitation,Foot,Naval Combat,Sword_cutting,True,False
417,1837.0,Cut,Arm,Incapacitation,Incapacitation,Foot,North America,Sword_cutting,True,False
418,1837.0,Cut,Head,Incapacitation,Incapacitation,Foot,North America,Sword_cutting,True,False
419,1837.0,Strike,unspecified,Incapacitation,Incapacitation,Foot,North America,Sword_cutting,True,False
420,1837.0,Strike,unspecified,Incapacitation,Incapacitation,Foot,North America,Sword_cutting,True,False
421,1837.0,Strike,unspecified,Incapacitation,Incapacitation,Foot,North America,Sword_cutting,True,False
422,1837.0,Cut,Head,Incapacitation,Incapacitation,Foot,North America,Sword_cutting,True,False
423,1837.0,Cut,Leg,Ineffective,Ineffective,Foot,North America,Sword_cutting,False,False
424,1837.0,unspecified,unspecified,Incapacitation,Incapacitation,Foot,North America,Sword_cutting,True,False
425,1840.0,unspecified,unspecified,Death,,Foot,Asia,Sword_cutting,True,True
426,1840.0,unspecified,unspecified,Death,,Foot,Asia,Sword_cutting,True,True
427,1840.0,unspecified,unspecified,Incapacitation,Incapacitation,Foot,Asia,Sword_cutting,True,False
428,1840.0,Cut,Head,Ineffective,Death,Foot vs Horse,Asia,Sword_cutting,False,True
429,1840.0,Cut,unspecified,Incapacitation,Incapacitation,Foot vs Horse,Asia,Sword_cutting,True,False
430,1840.0,Cut,unspecified,Incapacitation,Incapacitation,Foot vs Horse,Asia,Sword_cutting,True,False
431,1840.0,Cut,unspecified,Incapacitation,Incapacitation,Foot vs Horse,Asia,Sword_cutting,True,False
432,1840.0,Cut,unspecified,Incapacitation,Incapacitation,Foot vs Horse,Asia,Sword_cutting,True,False
433,1840.0,Cut,unspecified,Incapacitation,Incapacitation,Foot vs Horse,Asia,Sword_cutting,True,False
434,1840.0,Cut,unspecified,Incapacitation,Incapacitation,Foot vs Horse,Asia,Sword_cutting,True,False
435,1840.0,Cut,Arm,Ineffective,Ineffective,Foot,Asia,Sword_cutting,False,False
436,1840.0,Cut,Arm,Ineffective,Ineffective,Foot,Asia,Sword_cutting,False,False
437,1840.0,Cut,Arm,Ineffective,Ineffective,Foot,Asia,Sword_cutting,False,False
438,1840.0,Cut,Arm,Ineffective,Ineffective,Foot,Asia,Sword_cutting,False,False
439,1840.0,Cut,Head,Ineffective,Ineffective,Foot,Asia,Sword_cutting,False,False
440,1840.0,Cut,Head,Ineffective,Ineffective,Foot,Asia,Sword_cutting,False,False
441,1840.0,Cut,Head,Ineffective,Ineffective,Foot,Asia,Sword_cutting,False,False
442,1840.0,Cut,Torso,Ineffective,Ineffective,Foot,Asia,Sword_cutting,False,False
443,1840.0,Cut,Torso,Ineffective,Ineffective,Foot,Asia,Sword_cutting,False,False
444,1840.0,Cut,Torso,Ineffective,Ineffective,Foot,Asia,Sword_cutting,False,False
445,1840.0,Thrust,Torso,Incapacitation,Death,Foot,Asia,Sword_cutting,True,True
446,1830.0,Cut,Head,Ineffective,Ineffective,Foot,unknown,Sword_cutting,False,False
447,1830.0,Cut,Head,Ineffective,Ineffective,Foot,unknown,Sword_cutting,False,False
448,1830.0,Cut,Head,Ineffective,Ineffective,Foot,unknown,Sword_cutting,False,False
449,1826.0,Cut,Arm,Incapacitation,Incapacitation,Foot,Asia,Sword_cutting,True,False
450,1849.0,Cut,Head,Death,,Foot vs Horse,Asia,Sword_cutting,True,True
451,1849.0,unspecified,Head,Ineffective,Ineffective,Foot vs Horse,Asia,Sword_cutting,False,False
452,1849.0,unspecified,Head,Ineffective,Ineffective,Foot vs Horse,Asia,Sword_cutting,False,False
453,1853.0,Cut,Head,Death,,Foot,Asia,Sword_cutting,True,True
454,1853.0,Cut,Head,Ineffective,Ineffective,Foot,Naval Combat,Other,False,False
455,1853.0,Cut,Head,Death,,Foot,Naval Combat,Polearm,True,True
456,1853.0,Thrust,Torso,Death,,Foot,Naval Combat,Polearm,True,True
457,1850.0,Cut,Head,Death,,Foot,Naval Combat,Sword_cutting,True,True
458,1850.0,Cut,Torso,Incapacitation,Incapacitation,Foot,Naval Combat,Sword_cutting,True,False
459,1854.0,Cut,Torso,Ineffective,Ineffective,Horse,Europe,Sword_cutting,False,False
460,1854.0,Thrust,Torso,Incapacitation,Incapacitation,Horse,Europe,Sword_cutting,True,False
461,1854.0,Cut,Head,Incapacitation,Incapacitation,Horse,Europe,Sword_cutting,True,False
462,1854.0,Cut,Head,Incapacitation,Incapacitation,Horse,Europe,Sword_cutting,True,False
463,1850.0,Cut,Head,Ineffective,Ineffective,Horse,Europe,Sword_cutting,False,False
464,1850.0,Strike,Head,Incapacitation,Incapacitation,Horse,Europe,Sword_cutting,True,False
465,1850.0,Cut,Head,Death,,Horse,Europe,Sword_cutting,True,True
466,1850.0,Cut,Head,Ineffective,Incapacitation,Horse,Europe,Sword_cutting,False,False
467,1840.0,Thrust,Torso,Death,,Foot,Asia,Dagger,True,True
468,1840.0,Cut,Head,Death,,Foot,Asia,Sword_cutting,True,True
469,1854.0,Cut,Arm,Incapacitation,Incapacitation,Foot,Europe,Sword_cutting,True,False
470,1854.0,Cut,unspecified,Incapacitation,Incapacitation,Foot,Europe,Sword_cutting,True,False
471,1854.0,Cut,unspecified,Incapacitation,Incapacitation,Foot,Europe,Sword_cutting,True,False
472,1854.0,Thrust,Torso,Ineffective,Ineffective,Foot,Europe,Polearm,False,False
473,1854.0,Thrust,unspecified,unspecified,Death,Foot,Europe,Dagger,False,True
474,1854.0,Thrust,Torso,Incapacitation,Incapacitation,Foot,Europe,Polearm,True,False
475,1854.0,Thrust,Torso,Ineffective,Ineffective,unspecified,Europe,Polearm,False,False
476,1854.0,Cut,Head,Death,,Horse,Europe,Sword_cutting,True,True
477,1860.0,Cut,Hand,Ineffective,Incapacitation,Foot,Naval Combat,Sword_cutting,False,False
478,1860.0,Cut,Head,Ineffective,Incapacitation,Foot,Naval Combat,Sword_cutting,False,False
479,1860.0,Cut,Head,Ineffective,Ineffective,Foot,Naval Combat,Sword_cutting,False,False
480,1857.0,Strike,Head,Incapacitation,Incapacitation,Foot,Asia,Unarmed,True,False
481,1857.0,Strike,Head,Ineffective,Ineffective,Foot,Asia,Sword_cutting,False,False
482,1857.0,Thrust,unspecified,Death,,Foot,Asia,Unarmed,True,True
483,1814.0,Thrust,unspecified,Death,,Foot,Naval Combat,Sword_cutting,True,True
484,1857.0,Cut,Arm,Incapacitation,Incapacitation,Foot,Asia,Sword_cutting,True,False
485,1857.0,Cut,Arm,Incapacitation,Incapacitation,Foot,Asia,Sword_cutting,True,False
486,1857.0,Cut,Arm,Incapacitation,Incapacitation,Foot vs Horse,Asia,Sword_cutting,True,False
487,1857.0,Cut,Arm,Ineffective,Ineffective,Horse,Asia,Sword_cutting,False,False
488,1857.0,Cut,Head,Ineffective,Ineffective,Horse,Asia,Sword_cutting,False,False
489,1857.0,Cut,Leg,Ineffective,Ineffective,Horse,Asia,Sword_cutting,False,False
490,1858.0,Cut,Arm,Ineffective,Ineffective,Foot vs Horse,Asia,Sword_cutting,False,False
491,1858.0,Cut,Head,Ineffective,Ineffective,Foot vs Horse,Asia,Sword_cutting,False,False
492,1858.0,Cut,Leg,Ineffective,Ineffective,Foot vs Horse,Asia,Sword_cutting,False,False
493,1859.0,Cut,Head,Ineffective,Incapacitation,Foot,Asia,Sword_cutting,False,False
494,1859.0,Thrust,Torso,Death,,Foot,Asia,Sword_cutting,True,True
495,1859.0,Cut,unspecified,Ineffective,Ineffective,Horse,Asia,Sword_cutting,False,False
496,1860.0,Thrust,Head,Death,,Horse,Asia,Sword_cutting,True,True
497,1860.0,Cut,Head,Ineffective,Ineffective,Horse,Asia,Sword_cutting,False,False
498,1843.0,Cut,Torso,Ineffective,Death,Foot,Asia,Sword_cutting,False,True
499,1860.0,Cut,Arm,Incapacitation,Incapacitation,Foot,Naval Combat,Sword_cutting,True,False
500,1860.0,Strike,Head,Incapacitation,Incapacitation,Foot,Naval Combat,Sword_cutting,True,False
501,1860.0,Thrust,Leg,Incapacitation,Ineffective,Foot,Naval Combat,Polearm,True,False
502,1860.0,Thrust,Torso,Incapacitation,Incapacitation,Foot,Naval Combat,Sword_cutting,True,False
503,1860.0,Thrust,Torso,Incapacitation,Incapacitation,Foot,Africa,Sword_cutting,True,False
504,1860.0,Strike,unspecified,Incapacitation,Incapacitation,Foot,Africa,Unarmed,True,False
505,1866.0,Cut,Arm,Ineffective,Ineffective,Foot,Oceania,Sword_cutting,False,False
506,1866.0,Cut,unspecified,Incapacitation,Incapacitation,Foot,Oceania,Sword_cutting,True,False
507,1866.0,Cut,Arm,Incapacitation,Incapacitation,Foot,Oceania,Sword_cutting,True,False
508,1866.0,Cut,unspecified,Death,,Foot,Oceania,Sword_cutting,True,True
509,1880.0,Cut,unspecified,Incapacitation,Incapacitation,Foot vs Horse,Asia,Sword_cutting,True,False
510,1880.0,Cut,unspecified,Incapacitation,Incapacitation,Foot vs Horse,Asia,Sword_cutting,True,False
511,1880.0,Cut,unspecified,Incapacitation,Incapacitation,Foot vs Horse,Asia,Sword_cutting,True,False
512,1880.0,Cut,unspecified,Incapacitation,Incapacitation,Foot vs Horse,Asia,Sword_cutting,True,False
513,1880.0,Cut,unspecified,Incapacitation,Incapacitation,Foot vs Horse,Asia,Sword_cutting,True,False
514,1880.0,Cut,unspecified,Incapacitation,Incapacitation,Foot vs Horse,Asia,Sword_cutting,True,False
515,1880.0,Cut,unspecified,Incapacitation,Incapacitation,Foot vs Horse,Asia,Sword_cutting,True,False
516,1880.0,Cut,unspecified,Incapacitation,Incapacitation,Foot vs Horse,Asia,Sword_cutting,True,False
517,1880.0,Cut,unspecified,Incapacitation,Incapacitation,Foot vs Horse,Asia,Sword_cutting,True,False
518,1880.0,Cut,unspecified,Incapacitation,Incapacitation,Foot vs Horse,Asia,Sword_cutting,True,False
519,1880.0,Cut,unspecified,Incapacitation,Incapacitation,Foot vs Horse,Asia,Sword_cutting,True,False
520,1880.0,Cut,unspecified,Incapacitation,Incapacitation,Foot vs Horse,Asia,Sword_cutting,True,False
521,1884.0,Thrust,Various,Incapacitation,Incapacitation,Foot,Africa,Other,True,False
522,1884.0,Thrust,Arm,Incapacitation,Incapacitation,Foot,Africa,Polearm,True,False
523,1898.0,Cut,Head,Death,,unspecified,Asia,Sword_cutting,True,True
524,1898.0,Cut,Head,Death,,unspecified,Asia,Sword_cutting,True,True
525,1884.0,Cut,Head,Death,,Foot vs Horse,Africa,Sword_cutting,True,True
526,1884.0,Thrust,Head,Incapacitation,Incapacitation,Foot vs Horse,Africa,Sword_cutting,True,False
527,1884.0,Strike,Head,Incapacitation,Incapacitation,Foot,Africa,Sword_cutting,True,False
528,1884.0,Strike,Head,Incapacitation,Incapacitation,Foot,Africa,Unarmed,True,False
529,1898.0,Thrust,Torso,Ineffective,Ineffective,Horse,Africa,Polearm,False,False
530,,Thrust,Head,Death,,Horse,Africa,Polearm,True,True
531,,Cut,unspecified,Incapacitation,Incapacitation,Horse,Africa,Sword_cutting,True,False
532,,Cut,Head,Incapacitation,Incapacitation,Foot vs Horse,Africa,Sword_cutting,True,False
533,,Cut,Horse,Ineffective,Ineffective,Foot vs Horse,Africa,Sword_cutting,False,False
534,1899.0,Thrust,Torso,Incapacitation,Incapacitation,Horse,Africa,Polearm,True,False
535,1899.0,Thrust,Torso,Incapacitation,Incapacitation,Foot vs Horse,Africa,Sword_cutting,True,False
536,1899.0,Cut,Arm,Incapacitation,Incapacitation,Foot vs Horse,Africa,Sword_cutting,True,False
537,1911.0,Thrust,Arm,Ineffective,Ineffective,Foot,Oceania,Sword_cutting,False,False
538,1911.0,Cut,Torso,Ineffective,Ineffective,Foot,Oceania,Sword_cutting,False,False
539,1914.0,Thrust,Torso,Incapacitation,Incapacitation,Horse,Europe,Sword_cutting,True,False
540,1914.0,Thrust,Torso,Ineffective,Ineffective,Horse,Europe,Sword_cutting,False,False
541,1914.0,Thrust,unspecified,Incapacitation,Incapacitation,Horse,Europe,Sword_cutting,True,False
542,1914.0,Thrust,Torso,Incapacitation,Incapacitation,Horse,Europe,Sword_cutting,True,False
543,1914.0,Thrust,Torso,Incapacitation,Incapacitation,Horse,Europe,Sword_cutting,True,False
544,1914.0,Thrust,Head,Ineffective,Ineffective,Horse,Europe,Polearm,False,False
545,1914.0,Thrust,Torso,Incapacitation,Incapacitation,Horse,Europe,Sword_cutting,True,False
546,1914.0,Thrust,Hand,Incapacitation,Incapacitation,Horse,Europe,Sword_cutting,True,False
547,1914.0,Thrust,Hand,Ineffective,Ineffective,Horse,Europe,Sword_cutting,False,False
548,1918.0,Thrust,Head,Incapacitation,Incapacitation,Foot vs Horse,Europe,Sword_cutting,True,False
549,1918.0,Thrust,Torso,Incapacitation,Incapacitation,Foot vs Horse,Europe,Sword_cutting,True,False
550,1918.0,Thrust,Leg,Incapacitation,Incapacitation,Foot vs Horse,Europe,Sword_cutting,True,False
551,1916.0,Thrust,Head,Incapacitation,Incapacitation,Foot vs Horse,Europe,Sword_cutting,True,False
552,1918.0,Thrust,Head,Incapacitation,Incapacitation,Foot vs Horse,Asia,Sword_cutting,True,False
553,1918.0,Thrust,Torso,unspecified,unspecified,Foot vs Horse,Asia,Sword_cutting,False,False
554,1918.0,Thrust,Torso,Incapacitation,Incapacitation,Foot vs Horse,Asia,Polearm,True,False
555,1918.0,Thrust,Torso,unspecified,unspecified,Foot vs Horse,Asia,Sword_cutting,False,False
556,1918.0,Cut,unspecified,Ineffective,Ineffective,Foot vs Horse,Asia,Sword_cutting,False,False
557,1757.0,Cut,Head,Death,,Foot,Asia,Sword_cutting,True,True
558,1757.0,Strike,Head,Incapacitation,Incapacitation,Foot,Asia,Unarmed,True,False
559,1766.0,Cut,Arm,Ineffective,Ineffective,Foot,Asia,Sword_cutting,False,False
560,1766.0,Cut,Arm,Ineffective,Ineffective,Foot,Asia,Sword_cutting,False,False
561,1766.0,Cut,Arm,Ineffective,Ineffective,Foot,Asia,Sword_cutting,False,False
562,1766.0,Cut,Arm,Ineffective,Ineffective,Foot,Asia,Sword_cutting,False,False
563,1766.0,Cut,Arm,Ineffective,Ineffective,Foot,Asia,Sword_cutting,False,False
564,1766.0,Cut,Hand,Ineffective,Ineffective,Foot,Asia,Sword_cutting,False,False
565,1766.0,Cut,Head,Ineffective,Ineffective,Foot,Asia,Sword_cutting,False,False
566,1766.0,Cut,Torso,Ineffective,Ineffective,Foot,Asia,Sword_cutting,False,False
567,1766.0,Cut,Torso,Ineffective,Ineffective,Foot,Asia,Sword_cutting,False,False
568,1766.0,unspecified,unspecified,Incapacitation,Incapacitation,Foot,Asia,Sword_cutting,True,False
569,1801.0,Cut,Leg,Incapacitation,Incapacitation,Foot,Asia,Sword_cutting,True,False
570,1801.0,Thrust,Torso,Ineffective,Ineffective,Foot,Asia,Polearm,False,False
571,1801.0,Thrust,Torso,Ineffective,Ineffective,Foot,Asia,Polearm,False,False
572,1801.0,Thrust,Torso,Ineffective,Ineffective,Foot,Asia,Polearm,False,False
573,1801.0,Thrust,Torso,Ineffective,Ineffective,Foot,Asia,Polearm,False,False
574,1801.0,Thrust,Torso,Ineffective,Ineffective,Foot,Asia,Polearm,False,False
575,1857.0,Cut,Head,Death,,Foot,Asia,Sword_cutting,True,True
576,1857.0,Cut,Head,Death,,Foot,Asia,Sword_cutting,True,True
577,1857.0,Cut,Head,Death,,Foot,Asia,Sword_cutting,True,True
578,1857.0,Cut,unspecified,Incapacitation,Incapacitation,Foot,Asia,Sword_cutting,True,False
579,1857.0,Cut,unspecified,Incapacitation,Incapacitation,Foot,Asia,Sword_cutting,True,False
580,1857.0,Cut,Head,Death,,Foot,Asia,Sword_cutting,True,True
581,1857.0,Strike,unspecified,Incapacitation,Incapacitation,Foot,Asia,Sword_cutting,True,False
582,1870.0,Thrust,unspecified,Incapacitation,Incapacitation,Horse,Asia,Sword_cutting,True,False
583,1870.0,Thrust,unspecified,Incapacitation,Incapacitation,Horse,Asia,Sword_cutting,True,False
584,1870.0,Thrust,unspecified,Incapacitation,Incapacitation,Horse,Asia,Sword_cutting,True,False
585,1870.0,Thrust,unspecified,Incapacitation,Incapacitation,Horse,Asia,Sword_cutting,True,False
586,1870.0,Thrust,unspecified,Incapacitation,Incapacitation,Horse,Asia,Sword_cutting,True,False
587,1870.0,Thrust,unspecified,Incapacitation,Incapacitation,Horse,Asia,Sword_cutting,True,False
588,1885.0,Cut,Hand,Incapacitation,Incapacitation,unspecified,Africa,Sword_cutting,True,False
589,1885.0,Cut,Head,Death,,unspecified,Africa,Sword_cutting,True,True
590,1803.0,Thrust,Torso,Incapacitation,Incapacitation,Foot vs Horse,Asia,Polearm,True,False
591,1803.0,Cut,unspecified,Death,,Foot,Asia,Sword_cutting,True,True
592,1803.0,Cut,unspecified,Incapacitation,Incapacitation,Foot,Asia,Sword_cutting,True,False
593,1803.0,Cut,unspecified,Incapacitation,Incapacitation,Foot,Asia,Sword_cutting,True,False
594,1857.0,Cut,Hand,Ineffective,Incapacitation,Foot,Asia,Sword_cutting,False,False
595,1857.0,Cut,unspecified,Incapacitation,Incapacitation,Foot,Asia,Sword_cutting,True,False
596,1857.0,Cut,unspecified,Death,,Foot vs Horse,Asia,Sword_cutting,True,True
597,1857.0,Cut,Head,Ineffective,Ineffective,Foot vs Horse,Asia,Sword_cutting,False,False
598,1857.0,Cut,unspecified,Incapacitation,Incapacitation,Foot vs Horse,Asia,Sword_cutting,True,False
599,1857.0,Cut,Head,Ineffective,Ineffective,Foot,Asia,Sword_cutting,False,False
600,1857.0,Strike,Torso,Incapacitation,Incapacitation,Foot,Asia,Unarmed,True,False
601,1857.0,Cut,unspecified,Death,,Foot,Asia,Sword_cutting,True,True
602,1803.0,Thrust,Torso,Incapacitation,Incapacitation,Foot,Asia,Polearm,True,False
603,1803.0,Cut,Head,Death,,Foot,Asia,Sword_cutting,True,True
604,1803.0,Cut,Head,Death,,Foot,Asia,Sword_cutting,True,True
605,1803.0,Cut,Head,Death,,Foot,Asia,Sword_cutting,True,True
606,1803.0,Cut,Head,Death,,Foot,Asia,Sword_cutting,True,True
607,1820.0,Cut,Head,Death,,Foot vs Horse,Asia,Sword_cutting,True,True
608,1820.0,Cut,Head,Death,,Foot vs Horse,Asia,Sword_cutting,True,True
609,1820.0,Cut,Torso,Death,,Foot,Asia,Sword_cutting,True,True
610,1857.0,Cut,Head,Death,,Foot,Europe,Sword_cutting,True,True
611,1800.0,Cut,Head,Death,,Foot,Asia,Sword_cutting,True,True
612,1843.0,Cut,unspecified,Incapacitation,Incapacitation,Foot vs Horse,Asia,Sword_cutting,True,False
613,1826.0,Cut,Arm,Incapacitation,Incapacitation,Foot,Asia,Sword_cutting,True,False
614,1827.0,Cut,Arm,Ineffective,Ineffective,Foot,Asia,Sword_cutting,False,False
615,1827.0,Thrust,Torso,Incapacitation,Incapacitation,Foot,Asia,Sword_cutting,True,False
616,1805.0,Cut,Head,Death,,Horse,Asia,Sword_cutting,True,True
617,1816.0,Cut,Head,Death,,Foot,Asia,Sword_cutting,True,True
618,1817.0,Cut,Head,Incapacitation,Incapacitation,Foot vs Horse,Asia,Sword_cutting,True,False
619,1817.0,Cut,Torso,Incapacitation,Incapacitation,Horse,Asia,Sword_cutting,True,False
620,1818.0,Cut,unspecified,Ineffective,Ineffective,Foot vs Horse,Asia,Sword_cutting,False,False
621,1818.0,Cut,unspecified,Ineffective,Ineffective,Foot vs Horse,Asia,Sword_cutting,False,False
622,1824.0,Cut,Head,Ineffective,Ineffective,Foot,Asia,Sword_cutting,False,False
623,1824.0,Cut,unspecified,Incapacitation,Incapacitation,Foot,Asia,Sword_cutting,True,False
624,1824.0,Cut,Torso,Ineffective,Ineffective,Foot,Asia,Sword_cutting,False,False
625,1824.0,Cut,unspecified,Incapacitation,Incapacitation,Foot,Asia,Sword_cutting,True,False
626,1820.0,Cut,Torso,Incapacitation,Incapacitation,Foot,Asia,Sword_cutting,True,False
627,1824.0,Cut,Head,Incapacitation,Incapacitation,Foot,Asia,Sword_cutting,True,False
628,1824.0,Cut,Torso,Death,,Foot,Asia,Sword_cutting,True,True
629,1826.0,Cut,Arm,Ineffective,Ineffective,Foot,Asia,Sword_cutting,False,False
630,1826.0,Thrust,Arm,Ineffective,Ineffective,Foot,Asia,Sword_cutting,False,False
631,1826.0,Cut,Leg,Incapacitation,Incapacitation,Foot,Asia,Sword_cutting,True,False
632,1826.0,Thrust,unspecified,Death,,Foot,Asia,Sword_cutting,True,True
633,1826.0,Thrust,unspecified,Ineffective,Ineffective,Foot,Asia,Sword_cutting,False,False
634,1826.0,Thrust,Head,Death,,Foot,Asia,Sword_cutting,True,True
635,1826.0,Cut,Torso,Ineffective,Ineffective,Foot,Asia,Sword_cutting,False,False
636,1826.0,Cut,Torso,Ineffective,Ineffective,Foot,Asia,Sword_cutting,False,False
637,1826.0,Cut,Torso,Ineffective,Ineffective,Foot,Asia,Sword_cutting,False,False
638,1826.0,Cut,Torso,Ineffective,Ineffective,Foot,Asia,Sword_cutting,False,False
639,1826.0,Strike,unspecified,Incapacitation,Incapacitation,Foot,Asia,Unarmed,True,False
640,1826.0,Cut,unspecified,Ineffective,Ineffective,Foot,Asia,Sword_cutting,False,False
641,1826.0,Cut,unspecified,Ineffective,Ineffective,Foot,Asia,Sword_cutting,False,False
642,1834.0,Cut,Torso,Incapacitation,Incapacitation,unspecified,Asia,Sword_cutting,True,False
643,1848.0,Cut,Head,Death,,unspecified,Asia,Sword_cutting,True,True
644,1849.0,Cut,Arm,Ineffective,Ineffective,Foot,Asia,Sword_cutting,False,False
645,1849.0,Cut,Head,Incapacitation,Incapacitation,Foot,Asia,Sword_cutting,True,False
646,1849.0,Cut,Head,Incapacitation,Incapacitation,Foot,Asia,Sword_cutting,True,False
647,1856.0,Cut,Torso,Death,,Horse,Asia,Sword_cutting,True,True
648,1839.0,Cut,Head,Death,,Foot,Asia,Sword_cutting,True,True
649,1839.0,Cut,Head,Incapacitation,Ineffective,Foot,Asia,Sword_cutting,True,False
650,1839.0,Cut,Head,Incapacitation,Ineffective,Foot,Asia,Sword_cutting,True,False
651,1839.0,Thrust,Torso,Ineffective,Ineffective,Foot,Asia,Sword_cutting,False,False
652,1839.0,Cut,Head,Death,,Foot,Asia,Sword_cutting,True,True
653,1840.0,Cut,Arm,Ineffective,Ineffective,Foot,Asia,Sword_cutting,False,False
654,1840.0,Cut,Head,Incapacitation,Incapacitation,Foot,Asia,Sword_cutting,True,False
655,1840.0,Cut,Head,Incapacitation,Incapacitation,Foot,Asia,Sword_cutting,True,False
656,1840.0,Cut,Leg,Ineffective,Ineffective,Foot,Asia,Sword_cutting,False,False
657,1840.0,Cut,Torso,Ineffective,Ineffective,Horse,Asia,Sword_cutting,False,False
658,1840.0,Cut,Hand,Ineffective,Ineffective,Horse,Asia,Sword_cutting,False,False
659,1849.0,Cut,Head,Incapacitation,Incapacitation,Horse,Asia,Sword_cutting,True,False
660,1840.0,Cut,Hand,Ineffective,Ineffective,Horse,Asia,Sword_cutting,False,False
661,1840.0,Cut,Head,Ineffective,Ineffective,Horse,Asia,Sword_cutting,False,False
662,1841.0,Cut,Hand,Incapacitation,Incapacitation,Foot vs Horse,Asia,Sword_cutting,True,False
663,1841.0,Strike,Head,Ineffective,Ineffective,Foot vs Horse,Asia,Sword_cutting,False,False
664,1841.0,Cut,unspecified,Ineffective,Ineffective,Foot vs Horse,Asia,Sword_cutting,False,False
665,1841.0,Cut,unspecified,Ineffective,Ineffective,Foot vs Horse,Asia,Sword_cutting,False,False
666,1857.0,Cut,Head,Ineffective,Ineffective,Foot,Europe,Sword_cutting,False,False
667,1826.0,Cut,Head,Incapacitation,Ineffective,Foot vs Horse,Asia,Sword_cutting,True,False
668,1842.0,Cut,Hand,Incapacitation,Incapacitation,Foot,Asia,Sword_cutting,True,False
669,1842.0,Cut,Head,Incapacitation,Ineffective,Foot,Asia,Sword_cutting,True,False
670,1842.0,Cut,Arm,Ineffective,Ineffective,Foot,Asia,Sword_cutting,False,False
671,1842.0,Cut,Hand,Incapacitation,Incapacitation,Foot,Asia,Sword_cutting,True,False
672,1842.0,Strike,Head,Ineffective,Ineffective,Foot,Asia,Sword_cutting,False,False
673,1842.0,Cut,Leg,Ineffective,Ineffective,Foot,Asia,Sword_cutting,False,False
674,1843.0,unspecified,unspecified,Death,,Foot,Oceania,Sword_cutting,True,True
675,1843.0,Cut,unspecified,Death,,Foot,Oceania,Sword_cutting,True,True
676,1843.0,Cut,Head,Death,,Foot,Oceania,Sword_cutting,True,True
677,1843.0,Cut,unspecified,Death,,Foot,Oceania,Sword_cutting,True,True
678,1843.0,Thrust,Torso,Incapacitation,Incapacitation,Horse,Oceania,Sword_cutting,True,False
679,1843.0,Cut,Head,Death,,Foot,Oceania,Sword_cutting,True,True
680,1843.0,Cut,unspecified,Death,,Foot vs Horse,Oceania,Sword_cutting,True,True
681,1843.0,Cut,Head,Death,,Foot,Asia,Sword_cutting,True,True
682,1843.0,Cut,Head,Ineffective,Ineffective,Foot,Asia,Sword_cutting,False,False
683,1843.0,Cut,Head,Death,,Foot,Asia,Sword_cutting,True,True
684,1843.0,Cut,Torso,Ineffective,Ineffective,Foot,Asia,Sword_cutting,False,False
685,1845.0,Cut,Head,Incapacitation,Incapacitation,Horse,Asia,Sword_cutting,True,False
686,1845.0,Cut,Head,Ineffective,Ineffective,Horse,Asia,Sword_cutting,False,False
687,1845.0,Cut,Arm,Ineffective,Ineffective,Horse,Asia,Sword_cutting,False,False
688,1845.0,Cut,Arm,Ineffective,Ineffective,Horse,Asia,Sword_cutting,False,False
689,1846.0,Cut,Head,Ineffective,Ineffective,Horse,Asia,Sword_cutting,False,False
690,1846.0,Thrust,unspecified,Incapacitation,Incapacitation,Horse,Asia,Sword_cutting,True,False
691,1750.0,Thrust,Torso,Ineffective,Ineffective,unspecified,unknown,Sword_cutting,False,False
692,1750.0,Thrust,Head,Ineffective,Ineffective,unspecified,unknown,Sword_cutting,False,False
693,1850.0,Thrust,Torso,Ineffective,Death,Foot,Asia,Sword_cutting,False,True
694,1800.0,Cut,unspecified,Incapacitation,Incapacitation,Foot,Asia,Sword_cutting,True,False
695,1841.0,Thrust,Torso,Ineffective,unspecified,Foot,Asia,Sword_cutting,False,False
696,1850.0,Thrust,Torso,Incapacitation,Incapacitation,Horse,Asia,Sword_cutting,True,False
697,1850.0,Thrust,Torso,Ineffective,Death,Horse,Asia,Sword_cutting,False,True
698,1800.0,Cut,Head,Death,,Foot,Asia,Sword_cutting,True,True
699,1800.0,Thrust,Torso,Ineffective,unspecified,Foot,Asia,Sword_cutting,False,False
700,1800.0,Thrust,Torso,Incapacitation,Incapacitation,unspecified,Asia,Sword_cutting,True,False
701,1800.0,Strike,unspecified,Incapacitation,Incapacitation,unspecified,Asia,Sword_cutting,True,False
702,1884.0,Cut,Arm,Incapacitation,Incapacitation,Foot,Africa,Sword_cutting,True,False
703,1884.0,Thrust,Torso,Ineffective,Death,Foot,Africa,Sword_cutting,False,True
704,1848.0,Cut,Arm,Ineffective,Ineffective,Horse,Asia,Sword_cutting,False,False
705,1848.0,Thrust,Torso,Incapacitation,Incapacitation,Foot vs Horse,Asia,Sword_cutting,True,False
706,1848.0,Thrust,Torso,Incapacitation,Incapacitation,Horse,Asia,Sword_cutting,True,False
707,1848.0,Cut,Arm,Incapacitation,Incapacitation,Horse,Asia,Sword_cutting,True,False
708,1849.0,Thrust,Torso,Ineffective,Ineffective,Horse,Asia,Sword_cutting,False,False
709,1849.0,Cut,Head,Death,,Horse,Asia,Sword_cutting,True,True
710,1840.0,Cut,Head,Death,,Foot,Asia,Sword_cutting,True,True
711,1840.0,Thrust,Torso,Ineffective,Death,Foot,Asia,Polearm,False,True
712,1840.0,Cut,Hand,unspecified,unspecified,Foot,Asia,Sword_cutting,False,False
713,1840.0,Thrust,Torso,Ineffective,unspecified,Foot,Asia,Polearm,False,False
714,1840.0,Cut,Head,Death,,Foot,Asia,Sword_cutting,True,True
715,1840.0,Cut,Torso,Death,,Horse,Asia,Sword_cutting,True,True
716,1857.0,Cut,Head,Death,,unspecified,Asia,Sword_cutting,True,True
717,1857.0,Cut,Head,Death,,unspecified,Asia,Sword_cutting,True,True
718,1857.0,Cut,Leg,Ineffective,Ineffective,Foot,Asia,Sword_cutting,False,False
719,1857.0,Thrust,unspecified,Death,,Foot,Asia,Sword_cutting,True,True
720,1804.0,Cut,Torso,Ineffective,Ineffective,Foot,Asia,Sword_cutting,False,False
721,1804.0,Thrust,Torso,Incapacitation,Incapacitation,Foot,Asia,Sword_cutting,True,False
722,1820.0,Thrust,Torso,Ineffective,Ineffective,Foot,Asia,Sword_cutting,False,False
723,1844.0,Cut,Arm,Ineffective,Ineffective,Horse,Asia,Sword_cutting,False,False
724,1844.0,Cut,Head,Incapacitation,Incapacitation,Horse,Asia,Sword_cutting,True,False
725,1849.0,Cut,Arm,Incapacitation,Incapacitation,Horse,Asia,Sword_cutting,True,False
726,1857.0,Thrust,Torso,Ineffective,Ineffective,Foot,Asia,Sword_cutting,False,False
727,1857.0,Thrust,Torso,Ineffective,Ineffective,Foot,Asia,Sword_cutting,False,False
728,1850.0,Cut,Head,Ineffective,Ineffective,unspecified,Asia,Sword_cutting,False,False
729,1850.0,Cut,Head,Ineffective,Ineffective,unspecified,Asia,Sword_cutting,False,False
730,1850.0,Cut,Head,Ineffective,Ineffective,unspecified,Asia,Sword_cutting,False,False
731,1857.0,Cut,Head,Death,,unspecified,Asia,Sword_cutting,True,True
732,1840.0,Cut,Head,Ineffective,Ineffective,unspecified,Asia,Sword_cutting,False,False
733,1850.0,Cut,Head,Ineffective,Ineffective,unspecified,Asia,Sword_cutting,False,False
734,1799.0,Cut,Hand,Ineffective,Incapacitation,Foot,Asia,Sword_cutting,False,False
735,1799.0,Cut,Torso,Ineffective,Incapacitation,Foot,Asia,Sword_cutting,False,False
736,1849.0,Strike,Leg,Ineffective,Ineffective,Foot vs Horse,Asia,Club,False,False
737,1849.0,Cut,Torso,Ineffective,Ineffective,Foot vs Horse,Asia,Sword_cutting,False,False
738,1849.0,Thrust,Torso,Ineffective,Ineffective,Foot vs Horse,Asia,Polearm,False,False
739,1800.0,Thrust,Torso,Ineffective,Ineffective,Horse,Asia,Sword_cutting,False,False
740,1849.0,Cut,Torso,Incapacitation,Incapacitation,Horse,Asia,Sword_cutting,True,False
741,1849.0,Cut,Hand,Ineffective,Ineffective,Foot vs Horse,Asia,Sword_cutting,False,False
742,1849.0,Cut,unspecified,Incapacitation,Incapacitation,Foot vs Horse,Asia,Sword_cutting,True,False
743,1849.0,Thrust,Torso,Incapacitation,Incapacitation,Foot vs Horse,Asia,Polearm,True,False
744,1849.0,Thrust,Torso,Ineffective,Ineffective,Foot vs Horse,Asia,Polearm,False,False
745,1849.0,Cut,Various,Ineffective,Ineffective,Foot vs Horse,Asia,Polearm,False,False
746,1849.0,Cut,Various,Ineffective,Ineffective,Foot vs Horse,Asia,Polearm,False,False
747,1849.0,Cut,Various,Ineffective,Ineffective,Foot vs Horse,Asia,Polearm,False,False
748,1849.0,Cut,Head,Incapacitation,Ineffective,Foot,Asia,Sword_cutting,True,False
749,1849.0,Cut,Head,Ineffective,Ineffective,Foot,Asia,Sword_cutting,False,False
750,1849.0,Cut,Head,Ineffective,Ineffective,Foot,Asia,Sword_cutting,False,False
751,1849.0,Strike,Head,Incapacitation,Incapacitation,Foot,Asia,Sword_cutting,True,False
752,1857.0,Cut,Head,Incapacitation,Incapacitation,Foot,Asia,Sword_cutting,True,False
753,1857.0,Cut,Head,Incapacitation,Incapacitation,Foot,Asia,Sword_cutting,True,False
754,1857.0,Cut,Arm,Incapacitation,Incapacitation,Foot vs Horse,Asia,Sword_cutting,True,False
755,1857.0,Cut,unspecified,Ineffective,Ineffective,Foot vs Horse,Asia,Sword_cutting,False,False
756,1857.0,Cut,unspecified,Ineffective,Ineffective,Foot vs Horse,Asia,Sword_cutting,False,False
757,1857.0,Cut,Arm,Ineffective,Ineffective,Foot vs Horse,Asia,Sword_cutting,False,False
758,1857.0,Cut,Head,Incapacitation,Ineffective,Foot vs Horse,Asia,Sword_cutting,True,False
759,1857.0,Cut,Torso,Ineffective,Ineffective,Foot vs Horse,Asia,Sword_cutting,False,False
760,1857.0,Cut,Head,Death,,Horse,Asia,Sword_cutting,True,True
761,1857.0,Cut,Head,Death,,Horse,Asia,Sword_cutting,True,True
762,1857.0,Cut,Head,Death,,Horse,Asia,Sword_cutting,True,True
763,1857.0,Cut,Torso,Death,,unspecified,Asia,Sword_cutting,True,True
764,1857.0,Cut,Head,Death,,Horse,Asia,Sword_cutting,True,True
765,1857.0,Cut,Head,Ineffective,Incapacitation,Foot,Asia,Sword_cutting,False,False
766,1857.0,Cut,Head,unspecified,Incapacitation,Foot,Asia,Sword_cutting,False,False
767,1857.0,Thrust,Torso,unspecified,Incapacitation,Foot,Asia,Polearm,False,False
768,1857.0,Cut,unspecified,unspecified,Incapacitation,Foot,Asia,Sword_cutting,False,False
769,1857.0,Cut,Head,Incapacitation,Incapacitation,Foot,Asia,Sword_cutting,True,False
770,1857.0,Cut,Torso,Ineffective,Ineffective,Foot,Asia,Sword_cutting,False,False
771,1857.0,Cut,Arm,Incapacitation,Incapacitation,Horse,Asia,Sword_cutting,True,False
772,1857.0,Thrust,Torso,Incapacitation,Incapacitation,Horse,Asia,Polearm,True,False
773,1857.0,Cut,Head,Incapacitation,Incapacitation,Horse,Asia,Sword_cutting,True,False
774,1857.0,Cut,Torso,Ineffective,Ineffective,Horse,Asia,Sword_cutting,False,False
775,1857.0,Cut,Head,Incapacitation,Incapacitation,Foot vs Horse,Asia,Sword_cutting,True,False
776,1857.0,Cut,Head,Incapacitation,Incapacitation,Foot vs Horse,Asia,Sword_cutting,True,False
777,1857.0,Cut,Head,Ineffective,Ineffective,Foot,Asia,Sword_cutting,False,False
778,1857.0,Strike,Head,Ineffective,Ineffective,Foot,Asia,Unarmed,False,False
779,1857.0,Cut,Hand,Incapacitation,Incapacitation,Foot,Asia,Sword_cutting,True,False
780,1857.0,Cut,Head,Incapacitation,Incapacitation,Foot,Asia,Sword_cutting,True,False
781,1857.0,Thrust,unspecified,Incapacitation,Incapacitation,Foot,Asia,Sword_cutting,True,False
782,1857.0,Cut,Head,Death,,Foot,Asia,Sword_cutting,True,True
783,1857.0,Cut,Head,Incapacitation,Incapacitation,Foot,Asia,Sword_cutting,True,False
784,1857.0,Cut,Arm,Ineffective,Ineffective,Foot,Asia,Sword_cutting,False,False
785,1857.0,Cut,unspecified,Death,,Foot,Asia,Sword_cutting,True,True
786,1857.0,Cut,unspecified,Ineffective,Ineffective,Foot,Asia,Sword_cutting,False,False
787,1857.0,Thrust,Torso,Death,,Foot,Asia,Sword_cutting,True,True
788,1857.0,Cut,Torso,Incapacitation,Ineffective,Foot,Asia,Sword_cutting,True,False
789,1857.0,Cut,Head,Ineffective,Ineffective,Foot vs Horse,Asia,Sword_cutting,False,False
790,1857.0,Thrust,Torso,Ineffective,Ineffective,Foot vs Horse,Asia,Sword_cutting,False,False
791,1857.0,Thrust,unspecified,Ineffective,Ineffective,Foot vs Horse,Asia,Sword_cutting,False,False
792,1857.0,Cut,Head,Ineffective,Ineffective,Horse,Asia,Sword_cutting,False,False
793,1857.0,Strike,Torso,Ineffective,Ineffective,Horse,Asia,Club,False,False
794,1857.0,Cut,unspecified,Incapacitation,Ineffective,Horse,Asia,Sword_cutting,True,False
795,1857.0,Cut,Arm,Ineffective,Ineffective,Foot,Europe,Sword_cutting,False,False
796,1857.0,Cut,Head,Death,,Foot,Europe,Sword_cutting,True,True
797,1857.0,unspecified,unspecified,Incapacitation,Incapacitation,Foot,Europe,Sword_cutting,True,False
798,1857.0,unspecified,unspecified,Incapacitation,Incapacitation,Foot,Europe,Sword_cutting,True,False
799,1857.0,Cut,Head,Ineffective,Ineffective,Foot vs Horse,Europe,Polearm,False,False
800,1857.0,Cut,Head,Ineffective,Ineffective,Foot vs Horse,Europe,Polearm,False,False
801,1857.0,Cut,Head,Ineffective,Ineffective,Foot vs Horse,Europe,Polearm,False,False
802,1857.0,Cut,Head,Ineffective,Ineffective,Foot vs Horse,Europe,Polearm,False,False
803,1857.0,Cut,Head,Ineffective,Ineffective,Foot vs Horse,Europe,Polearm,False,False
804,1857.0,Cut,Head,Ineffective,Ineffective,Foot vs Horse,Europe,Polearm,False,False
805,1857.0,Cut,Head,Ineffective,Ineffective,Foot vs Horse,Europe,Polearm,False,False
806,1857.0,Cut,Head,Ineffective,Ineffective,Foot vs Horse,Europe,Polearm,False,False
807,1857.0,Cut,Torso,Ineffective,Ineffective,Foot vs Horse,Europe,Polearm,False,False
808,1857.0,Cut,Torso,Ineffective,Ineffective,Foot vs Horse,Europe,Polearm,False,False
809,1857.0,Cut,Head,Ineffective,Ineffective,Horse,Europe,Sword_cutting,False,False
810,1857.0,Thrust,Torso,Incapacitation,Incapacitation,Horse,Europe,Polearm,True,False
811,1857.0,Cut,Arm,Ineffective,Ineffective,Horse,Asia,Sword_cutting,False,False
812,1857.0,Strike,unspecified,Incapacitation,Incapacitation,Foot vs Horse,Asia,Sword_cutting,True,False
813,1857.0,Cut,unspecified,Incapacitation,Ineffective,Horse,Asia,Sword_cutting,True,False
814,1857.0,Cut,Head,Incapacitation,Ineffective,Foot,Asia,Sword_cutting,True,False
815,1857.0,Cut,Head,Ineffective,Ineffective,Foot,Asia,Sword_cutting,False,False
816,1857.0,Thrust,Torso,Incapacitation,Incapacitation,Foot,Asia,Sword_cutting,True,False
817,1857.0,Cut,Head,Incapacitation,Incapacitation,Foot,Asia,Sword_cutting,True,False
818,1857.0,Cut,unspecified,Incapacitation,Incapacitation,Foot,Asia,Sword_cutting,True,False
819,1857.0,Cut,Head,Death,,Foot,Asia,Sword_cutting,True,True
820,1857.0,Cut,Arm,Ineffective,Ineffective,Horse,Asia,Sword_cutting,False,False
821,1857.0,Cut,Arm,Ineffective,Ineffective,Horse,Asia,Sword_cutting,False,False
822,1857.0,Cut,Head,Ineffective,Ineffective,Horse,Asia,Sword_cutting,False,False
823,1857.0,Cut,Leg,Ineffective,Ineffective,Horse,Asia,Sword_cutting,False,False
824,1857.0,Thrust,Torso,Incapacitation,Ineffective,Horse,Asia,Sword_cutting,True,False
825,1857.0,Cut,Arm,Ineffective,Ineffective,Horse,Asia,Sword_cutting,False,False
826,1857.0,Cut,Hand,Ineffective,Ineffective,Horse,Asia,Sword_cutting,False,False
827,1857.0,Cut,Head,Ineffective,Ineffective,Horse,Asia,Sword_cutting,False,False
828,1857.0,Thrust,Torso,Ineffective,Ineffective,Foot,Asia,Sword_cutting,False,False
829,1857.0,Thrust,Torso,Incapacitation,Incapacitation,Foot vs Horse,Asia,Sword_cutting,True,False
830,1857.0,Cut,Head,Incapacitation,Incapacitation,Foot,Asia,Sword_cutting,True,False
831,1857.0,Cut,Head,Ineffective,Ineffective,Foot,Asia,Sword_cutting,False,False
832,1857.0,Thrust,Head,Ineffective,Ineffective,Foot,Asia,Sword_cutting,False,False
833,1857.0,Cut,Head,Death,,Foot,Asia,Sword_cutting,True,True
834,1857.0,Cut,Arm,Ineffective,Ineffective,Foot,Asia,Sword_cutting,False,False
835,1857.0,Cut,Hand,Ineffective,Ineffective,Foot,Asia,Sword_cutting,False,False
836,1857.0,Cut,Head,Incapacitation,Ineffective,Foot,Asia,Sword_cutting,True,False
837,1857.0,Cut,Head,Death,,Foot,Asia,Sword_cutting,True,True
838,1857.0,Cut,Head,Ineffective,Ineffective,Foot,Asia,Sword_cutting,False,False
839,1857.0,Cut,Head,Ineffective,Ineffective,Foot,Asia,Sword_cutting,False,False
840,1857.0,Thrust,Head,Incapacitation,Incapacitation,Foot,Asia,Sword_cutting,True,False
841,1857.0,Thrust,Torso,Ineffective,Death,Foot,Asia,Polearm,False,True
842,1857.0,Cut,unspecified,unspecified,unspecified,Foot,Asia,Sword_cutting,False,False
843,1857.0,Thrust,Torso,Ineffective,Death,Foot,Asia,Polearm,False,True
844,1857.0,Cut,unspecified,unspecified,unspecified,Foot,Asia,Sword_cutting,False,False
845,1857.0,Thrust,Torso,Ineffective,Death,Foot,Asia,Polearm,False,True
846,1857.0,Cut,unspecified,unspecified,unspecified,Foot,Asia,Sword_cutting,False,False
847,1857.0,Cut,Arm,Ineffective,Ineffective,Foot,Asia,Sword_cutting,False,False
848,1857.0,Cut,unspecified,Death,,Foot,Asia,Sword_cutting,True,True
849,1857.0,Cut,Arm,Ineffective,Ineffective,Foot,Asia,Sword_cutting,False,False
850,1857.0,Cut,Hand,Ineffective,Ineffective,Foot,Asia,Sword_cutting,False,False
851,1857.0,Cut,Head,Ineffective,Ineffective,Foot,Asia,Sword_cutting,False,False
852,1857.0,Cut,Head,Ineffective,Ineffective,Foot,Asia,Sword_cutting,False,False
853,1858.0,Cut,Hand,Incapacitation,Incapacitation,Foot vs Horse,Asia,Sword_cutting,True,False
854,1858.0,Thrust,Torso,Ineffective,unspecified,Horse,Asia,Sword_cutting,False,False
855,1858.0,Thrust,Torso,Ineffective,Ineffective,Horse,Asia,Polearm,False,False
856,1858.0,Cut,Hand,Ineffective,Ineffective,Horse,Asia,Sword_cutting,False,False
857,1858.0,Thrust,Torso,Ineffective,Ineffective,Horse,Asia,Sword_cutting,False,False
858,1858.0,Cut,Head,Death,,Foot vs Horse,Asia,Sword_cutting,True,True
859,1858.0,Cut,Head,Death,,Foot,Asia,Sword_cutting,True,True
860,1858.0,Cut,Head,Incapacitation,Incapacitation,Horse,Asia,Sword_cutting,True,False
861,1858.0,Thrust,Head,Incapacitation,Incapacitation,Horse,Asia,Sword_cutting,True,False
862,1858.0,Cut,Head,Incapacitation,Incapacitation,Horse,Asia,Sword_cutting,True,False
863,1858.0,Cut,Hand,Incapacitation,Ineffective,Foot,Asia,Sword_cutting,True,False
864,1858.0,Thrust,Torso,Incapacitation,Incapacitation,Foot,Asia,Sword_cutting,True,False
865,1858.0,Thrust,unspecified,Death,,Horse,Asia,Sword_cutting,True,True
866,1858.0,Thrust,unspecified,Death,,Horse,Asia,Sword_cutting,True,True
867,1858.0,Thrust,unspecified,Death,,Horse,Asia,Sword_cutting,True,True
868,1858.0,Cut,Head,Incapacitation,Incapacitation,Horse,Asia,Sword_cutting,True,False
869,1858.0,Cut,Head,Ineffective,Ineffective,Horse,Asia,Sword_cutting,False,False
870,1858.0,Cut,Torso,Ineffective,Ineffective,Horse,Asia,Sword_cutting,False,False
871,1858.0,Thrust,Torso,Incapacitation,Incapacitation,Horse,Asia,Sword_cutting,True,False
872,1858.0,Cut,Head,Death,,Foot vs Horse,Asia,Sword_cutting,True,True
873,1858.0,Cut,Head,Incapacitation,Incapacitation,Foot vs Horse,Asia,Sword_cutting,True,False
874,1858.0,Thrust,Torso,Death,,Foot,Asia,Sword_cutting,True,True
875,1858.0,Cut,Hand,Ineffective,Ineffective,Foot,Asia,Sword_cutting,False,False
876,1858.0,Cut,Head,Death,,Foot,Asia,Sword_cutting,True,True
877,1858.0,Cut,Torso,Death,,Foot,Asia,Sword_cutting,True,True
878,1858.0,Thrust,Torso,Ineffective,Death,Foot,Asia,Polearm,False,True
879,1858.0,Cut,Various,Incapacitation,Incapacitation,Foot vs Horse,Asia,Sword_cutting,True,False
880,1858.0,Cut,Hand,Ineffective,Ineffective,Foot vs Horse,Asia,Sword_cutting,False,False
881,1858.0,Strike,unspecified,Incapacitation,Incapacitation,Foot vs Horse,Asia,Sword_cutting,True,False
882,1858.0,Cut,Head,Incapacitation,Incapacitation,Foot,Asia,Sword_cutting,True,False
883,1858.0,Cut,Leg,Ineffective,Ineffective,Foot vs Horse,Asia,Sword_cutting,False,False
884,1858.0,Cut,Leg,Incapacitation,Incapacitation,Foot vs Horse,Asia,Sword_cutting,True,False
885,1858.0,Cut,Torso,Ineffective,Ineffective,Foot,Asia,Sword_cutting,False,False
886,1858.0,Thrust,Torso,Incapacitation,Ineffective,Foot vs Horse,Asia,Sword_cutting,True,False
887,1858.0,Cut,Leg,Ineffective,Ineffective,Foot vs Horse,Asia,Sword_cutting,False,False
888,1858.0,Cut,Head,Ineffective,Ineffective,Foot vs Horse,Asia,Sword_cutting,False,False
889,1858.0,Cut,Head,Ineffective,Ineffective,Foot vs Horse,Asia,Sword_cutting,False,False
890,1858.0,Thrust,Torso,Incapacitation,Incapacitation,Foot vs Horse,Asia,Sword_cutting,True,False
891,1858.0,Cut,Various,Incapacitation,Ineffective,Foot vs Horse,Asia,Sword_cutting,True,False
892,1858.0,Cut,Various,Incapacitation,Ineffective,Foot vs Horse,Asia,Sword_cutting,True,False
893,1858.0,Cut,Various,Incapacitation,Ineffective,Foot vs Horse,Asia,Sword_cutting,True,False
894,1858.0,Cut,Arm,Incapacitation,Incapacitation,Foot vs Horse,Asia,Sword_cutting,True,False
895,1858.0,Cut,Torso,Death,,Foot vs Horse,Asia,Sword_cutting,True,True
896,1858.0,Thrust,Torso,Incapacitation,Incapacitation,Horse,Asia,Sword_cutting,True,False
897,1858.0,Cut,Head,Incapacitation,Incapacitation,Foot vs Horse,Asia,Sword_cutting,True,False
898,1858.0,Strike,Head,Incapacitation,Incapacitation,Foot vs Horse,Asia,Sword_cutting,True,False
899,1858.0,Strike,Head,Incapacitation,Incapacitation,Foot vs Horse,Asia,Sword_cutting,True,False
900,1840.0,Cut,Hand,Ineffective,Ineffective,Foot vs Horse,Asia,Sword_cutting,False,False
901,1840.0,Strike,Head,Incapacitation,Incapacitation,Foot vs Horse,Asia,Sword_cutting,True,False
902,1840.0,Strike,Head,Ineffective,Ineffective,Foot vs Horse,Asia,Sword_cutting,False,False
903,1858.0,Cut,Head,Death,,Foot,Asia,Sword_cutting,True,True
904,1858.0,Cut,Head,Ineffective,Ineffective,Foot,Asia,Sword_cutting,False,False
905,1858.0,Cut,Torso,Ineffective,Ineffective,Foot vs Horse,Asia,Sword_cutting,False,False
906,1858.0,Cut,Torso,Ineffective,Ineffective,Foot vs Horse,Asia,Sword_cutting,False,False
907,1858.0,Cut,Hand,Ineffective,Ineffective,Foot,Asia,Sword_cutting,False,False
908,1858.0,Cut,Hand,Ineffective,Ineffective,Foot,Asia,Sword_cutting,False,False
909,1858.0,Cut,Head,Ineffective,Ineffective,Foot,Asia,Sword_cutting,False,False
910,1858.0,Cut,unspecified,Ineffective,Ineffective,Foot,Asia,Sword_cutting,False,False
911,1858.0,Cut,unspecified,Ineffective,Ineffective,Foot,Asia,Sword_cutting,False,False
912,1858.0,Cut,unspecified,Ineffective,Ineffective,Foot,Asia,Sword_cutting,False,False
913,1858.0,Cut,unspecified,Ineffective,Ineffective,Foot,Asia,Sword_cutting,False,False
914,1858.0,Cut,unspecified,Ineffective,Ineffective,Foot,Asia,Sword_cutting,False,False
915,1858.0,Cut,unspecified,Ineffective,Ineffective,Foot,Asia,Sword_cutting,False,False
916,1858.0,Cut,unspecified,Ineffective,Ineffective,Foot,Asia,Sword_cutting,False,False
917,1858.0,Cut,unspecified,Ineffective,Ineffective,Foot,Asia,Sword_cutting,False,False
918,1858.0,Cut,unspecified,Ineffective,Ineffective,Foot,Asia,Sword_cutting,False,False
919,1858.0,Cut,unspecified,Ineffective,Ineffective,Foot,Asia,Sword_cutting,False,False
920,1858.0,Cut,unspecified,Ineffective,Ineffective,Foot,Asia,Sword_cutting,False,False
921,1858.0,Cut,Head,Ineffective,Ineffective,unspecified,Asia,Sword_cutting,False,False
922,1858.0,Cut,Torso,Incapacitation,Death,Foot,Asia,Sword_cutting,True,True
923,1858.0,Cut,Head,Death,,unspecified,Asia,Sword_cutting,True,True
924,1858.0,Cut,Torso,Incapacitation,Incapacitation,unspecified,Asia,Sword_cutting,True,False
925,1858.0,Cut,Head,Incapacitation,Incapacitation,Foot,Asia,Sword_cutting,True,False
926,1858.0,Cut,Torso,Incapacitation,Incapacitation,Foot,Asia,Sword_cutting,True,False
927,1858.0,Cut,Head,Incapacitation,Ineffective,Foot vs Horse,Asia,Sword_cutting,True,False
928,1858.0,Cut,Head,Incapacitation,Incapacitation,Foot vs Horse,Asia,Sword_cutting,True,False
929,1858.0,Thrust,Torso,Incapacitation,Incapacitation,Foot vs Horse,Asia,Sword_cutting,True,False
930,1858.0,Cut,Leg,Incapacitation,Ineffective,Foot,Asia,Sword_cutting,True,False
931,1858.0,Cut,Hand,Ineffective,Ineffective,Foot,Asia,Sword_cutting,False,False
932,1858.0,Cut,Hand,Ineffective,Ineffective,Foot,Asia,Sword_cutting,False,False
933,1858.0,Cut,Hand,Ineffective,Ineffective,Foot,Asia,Sword_cutting,False,False
934,1858.0,Cut,Head,Ineffective,Ineffective,Foot,Asia,Sword_cutting,False,False
935,1858.0,Cut,Head,Ineffective,Ineffective,Foot,Asia,Sword_cutting,False,False
936,1858.0,Cut,Head,Ineffective,Ineffective,Foot,Asia,Sword_cutting,False,False
937,1858.0,Thrust,Torso,Ineffective,Death,Horse,Asia,Sword_cutting,False,True
938,1858.0,Cut,Head,Incapacitation,Incapacitation,Horse,Asia,Sword_cutting,True,False
939,1858.0,Cut,Head,Death,,unspecified,Asia,Sword_cutting,True,True
940,1858.0,Thrust,Torso,Ineffective,Death,Foot,Asia,Sword_cutting,False,True
941,1858.0,Cut,Arm,Incapacitation,Incapacitation,Foot,Asia,Sword_cutting,True,False
942,1858.0,Cut,Arm,Incapacitation,Incapacitation,Foot,Asia,Sword_cutting,True,False
943,1858.0,Cut,Arm,Incapacitation,Incapacitation,Foot,Asia,Sword_cutting,True,False
944,1858.0,Cut,Arm,Incapacitation,Incapacitation,Foot,Asia,Sword_cutting,True,False
945,1858.0,Cut,Arm,Incapacitation,Incapacitation,Foot,Asia,Sword_cutting,True,False
946,1858.0,Cut,Arm,Ineffective,Ineffective,Foot,Asia,Sword_cutting,False,False
947,1858.0,Cut,Arm,Ineffective,Ineffective,Foot,Asia,Sword_cutting,False,False
948,1858.0,Cut,Head,Ineffective,Ineffective,Foot,Asia,Sword_cutting,False,False
949,1858.0,Cut,Head,Ineffective,Ineffective,Foot vs Horse,Asia,Sword_cutting,False,False
950,1858.0,Strike,Torso,Ineffective,Ineffective,Foot,Asia,Club,False,False
951,1858.0,Thrust,Torso,Ineffective,Ineffective,Foot vs Horse,Asia,Polearm,False,False
952,1858.0,Thrust,Torso,Incapacitation,Incapacitation,Horse,Asia,Polearm,True,False
953,1858.0,Cut,Head,Incapacitation,Incapacitation,unspecified,Asia,Sword_cutting,True,False
954,1858.0,Cut,Hand,Ineffective,Ineffective,Foot vs Horse,Asia,Sword_cutting,False,False
955,1858.0,Cut,Leg,Incapacitation,Incapacitation,Foot vs Horse,Asia,Sword_cutting,True,False
956,1879.0,Cut,Hand,Ineffective,Ineffective,Foot,Asia,Sword_cutting,False,False
957,1879.0,Thrust,Torso,Incapacitation,Incapacitation,Foot,Asia,Sword_cutting,True,False
958,1880.0,Cut,Head,Death,,Foot,Asia,Sword_cutting,True,True
959,1880.0,Thrust,Torso,Ineffective,Death,Foot,Asia,Sword_cutting,False,True
960,1880.0,Thrust,Hand,Ineffective,Ineffective,Foot,Asia,Sword_cutting,False,False
961,1880.0,Thrust,Hand,Ineffective,Ineffective,Foot,Asia,Sword_cutting,False,False
962,1880.0,Cut,Head,Ineffective,Ineffective,Foot,Asia,Sword_cutting,False,False
963,1880.0,Thrust,Head,Ineffective,Ineffective,Foot,Asia,Sword_cutting,False,False
964,1880.0,Cut,Torso,Ineffective,Ineffective,Foot,Asia,Sword_cutting,False,False
965,1880.0,Cut,Torso,Ineffective,Ineffective,Foot,Asia,Sword_cutting,False,False
966,1880.0,Cut,Torso,Ineffective,Ineffective,Foot,Asia,Sword_cutting,False,False
967,1880.0,Cut,Head,Death,,Foot vs Horse,Asia,Sword_cutting,True,True
968,1857.0,Cut,Torso,Incapacitation,Incapacitation,Foot,Asia,Sword_cutting,True,False
969,1857.0,Thrust,Torso,Ineffective,Ineffective,Foot,Asia,Sword_cutting,False,False
970,1857.0,Cut,Torso,Incapacitation,Incapacitation,Foot,Asia,Sword_cutting,True,False
971,1857.0,Cut,Head,Death,,Foot,Asia,Sword_cutting,True,True
972,1840.0,Cut,Torso,Death,,Foot,Asia,Sword_cutting,True,True
973,1610.0,Thrust,Head,Ineffective,Ineffective,Foot,Europe,Sword_2h,False,False
974,1610.0,Thrust,Head,Ineffective,Ineffective,Foot,Europe,Dagger,False,False
975,1610.0,Thrust,Torso,Ineffective,Incapacitation,Foot,Europe,Sword_2h,False,False
976,1610.0,Thrust,Torso,Ineffective,Incapacitation,Foot,Europe,Dagger,False,False
977,1611.0,Cut,Arm,Ineffective,Ineffective,Foot,Europe,Sword_2h,False,False
978,1611.0,Thrust,Torso,Incapacitation,Ineffective,Foot,Europe,Sword_2h,True,False
979,1611.0,Thrust,Torso,Ineffective,Ineffective,Foot,Europe,Dagger,False,False
980,1611.0,Cut,unspecified,Ineffective,Ineffective,Foot,Europe,Sword_2h,False,False
981,1611.0,Strike,unspecified,Incapacitation,Incapacitation,Foot,Europe,Sword_2h,True,False
982,1613.0,Thrust,Arm,Ineffective,Ineffective,Foot,Europe,Sword_2h,False,False
983,1613.0,unspecified,Hand,Ineffective,Ineffective,Foot,Europe,Sword_2h,False,False
984,1613.0,Thrust,Torso,Ineffective,Ineffective,Foot,Europe,Sword_2h,False,False
985,1613.0,Thrust,Torso,Incapacitation,Death,Foot,Europe,Sword_2h,True,True
986,1613.0,Thrust,Torso,Incapacitation,Death,Foot,Europe,Sword_2h,True,True
987,1640.0,Strike,Head,Incapacitation,Incapacitation,Foot,Europe,Sword_2h,True,False
988,1773.0,Cut,Arm,Incapacitation,Incapacitation,Foot,Africa,Sword_2h,True,False
989,1773.0,Cut,Hand,Ineffective,Ineffective,Foot,Africa,Sword_2h,False,False
990,1773.0,Cut,Head,Ineffective,Ineffective,Foot,Africa,Sword_2h,False,False
991,1854.0,Cut,Head,Incapacitation,Incapacitation,Horse,Europe,Sword_cutting,True,False
992,1854.0,Cut,Head,Ineffective,Ineffective,Horse,Europe,Sword_cutting,False,False
993,1854.0,Cut,Head,Ineffective,Ineffective,Horse,Europe,Sword_cutting,False,False
994,1854.0,Cut,Head,Ineffective,Ineffective,Horse,Europe,Sword_cutting,False,False
995,1854.0,Thrust,Head,Ineffective,Ineffective,Horse,Europe,Sword_cutting,False,False
996,1854.0,Cut,Head,Ineffective,Ineffective,Horse,Europe,Sword_cutting,False,False
997,1854.0,Cut,Head,Ineffective,Ineffective,Horse,Europe,Sword_cutting,False,False
998,1854.0,Cut,Head,Incapacitation,Incapacitation,Horse,Europe,Sword_cutting,True,False
999,1854.0,Thrust,Torso,Incapacitation,Incapacitation,Horse,Europe,Sword_cutting,True,False
1000,1854.0,Cut,Head,Incapacitation,Incapacitation,Horse,Europe,Sword_cutting,True,False
1001,1854.0,Cut,Head,Incapacitation,Incapacitation,Horse,Europe,Sword_cutting,True,False
1002,1854.0,Thrust,Head,Ineffective,Ineffective,Horse,Europe,Polearm,False,False
1003,1854.0,Cut,Arm,Ineffective,Ineffective,Horse,Europe,Sword_cutting,False,False
1004,1779.0,Thrust,Torso,Incapacitation,Incapacitation,Foot,North America,Sword_cutting,True,False
1005,1779.0,unspecified,unspecified,Incapacitation,Incapacitation,Foot,North America,Sword_cutting,True,False
1006,1854.0,Thrust,Torso,Incapacitation,Incapacitation,Horse,Europe,Sword_cutting,True,False
1007,1880.0,Thrust,Torso,Incapacitation,Incapacitation,Foot,Asia,Sword_cutting,True,False
1008,1880.0,Thrust,Torso,unspecified,unspecified,Foot,Asia,Sword_cutting,False,False
1009,1880.0,Cut,Various,Incapacitation,Incapacitation,Foot,Asia,Sword_cutting,True,False
1010,1880.0,Thrust,Torso,Ineffective,Ineffective,Foot,Africa,Sword_cutting,False,False
1011,1915.0,Thrust,Torso,Incapacitation,Death,Horse,Asia,Sword_cutting,True,True
1012,1854.0,Thrust,Torso,Ineffective,Ineffective,Horse,Europe,Polearm,False,False
1013,1850.0,Thrust,Torso,Ineffective,Ineffective,Horse,Asia,Sword_cutting,False,False
1014,1850.0,Thrust,Torso,Ineffective,Ineffective,Horse,Asia,Sword_cutting,False,False
1015,1850.0,Thrust,Torso,Ineffective,Ineffective,Horse,Asia,Sword_cutting,False,False
1016,1854.0,Cut,Head,Incapacitation,Incapacitation,Horse,Europe,Sword_cutting,True,False
1017,,Cut,Head,Ineffective,Ineffective,unspecified,Asia,Sword_cutting,False,False
1018,1854.0,Cut,Head,Death,,Horse,Europe,Sword_cutting,True,True
1019,1854.0,Cut,Head,Death,,Horse,Europe,Sword_cutting,True,True
1020,1854.0,Cut,unspecified,Incapacitation,Incapacitation,Horse,Europe,Sword_cutting,True,False
1021,1854.0,Cut,unspecified,Incapacitation,Incapacitation,Horse,Europe,Sword_cutting,True,False
1022,1854.0,Cut,unspecified,Incapacitation,Incapacitation,Horse,Europe,Sword_cutting,True,False
1023,1854.0,Cut,Head,Death,,Horse,Europe,Sword_cutting,True,True
1024,1854.0,Thrust,Torso,Incapacitation,Incapacitation,Horse,Europe,Sword_cutting,True,False
1025,1854.0,Cut,Head,Incapacitation,Incapacitation,Horse,Europe,Sword_cutting,True,False
1026,1854.0,Strike,Head,Incapacitation,Incapacitation,Horse,Europe,Sword_cutting,True,False
1027,1854.0,Thrust,Torso,Ineffective,Ineffective,Horse,Europe,Sword_cutting,False,False
1028,1854.0,Cut,unspecified,Incapacitation,Incapacitation,Horse,Europe,Sword_cutting,True,False
1029,1854.0,Thrust,unspecified,Incapacitation,Incapacitation,Foot vs Horse,Europe,Sword_cutting,True,False
1030,1854.0,Thrust,unspecified,Incapacitation,Incapacitation,Foot vs Horse,Europe,Sword_cutting,True,False
1031,1854.0,Thrust,unspecified,Incapacitation,Incapacitation,Foot vs Horse,Europe,Sword_cutting,True,False
1032,1854.0,Thrust,unspecified,Ineffective,Ineffective,Foot vs Horse,Europe,Sword_cutting,False,False
1033,1854.0,Thrust,unspecified,Ineffective,Ineffective,Foot vs Horse,Europe,Sword_cutting,False,False
1034,1854.0,Thrust,unspecified,Ineffective,Ineffective,Foot vs Horse,Europe,Sword_cutting,False,False
1035,1854.0,Thrust,unspecified,Ineffective,Ineffective,Foot vs Horse,Europe,Sword_cutting,False,False
1036,1854.0,Thrust,unspecified,Ineffective,Ineffective,Foot vs Horse,Europe,Sword_cutting,False,False
1037,1854.0,Thrust,unspecified,Ineffective,Ineffective,Foot vs Horse,Europe,Sword_cutting,False,False
1038,1854.0,Thrust,unspecified,Ineffective,Ineffective,Foot vs Horse,Europe,Sword_cutting,False,False
1039,1854.0,Thrust,unspecified,Ineffective,Ineffective,Foot vs Horse,Europe,Sword_cutting,False,False
1040,1854.0,Thrust,unspecified,Ineffective,Ineffective,Foot vs Horse,Europe,Sword_cutting,False,False
1041,1854.0,Thrust,unspecified,Ineffective,Ineffective,Foot vs Horse,Europe,Sword_cutting,False,False
1042,1854.0,Thrust,unspecified,Ineffective,Ineffective,Foot vs Horse,Europe,Sword_cutting,False,False
1043,1854.0,Thrust,unspecified,Ineffective,Ineffective,Foot vs Horse,Europe,Sword_cutting,False,False
1044,1854.0,Thrust,Head,Ineffective,Ineffective,Horse,Europe,Sword_cutting,False,False
1045,1854.0,Cut,Head,Incapacitation,Ineffective,Horse,Europe,Sword_cutting,True,False
1046,1854.0,Thrust,Arm,Ineffective,Ineffective,Horse,Europe,Sword_cutting,False,False
1047,1854.0,Cut,Head,Death,,Horse,Europe,Sword_cutting,True,True
1048,1854.0,Thrust,Head,Incapacitation,Incapacitation,Horse,Europe,Sword_cutting,True,False
1049,1854.0,Thrust,Head,Incapacitation,Incapacitation,Horse,Europe,Sword_cutting,True,False
1050,1854.0,Cut,Head,Incapacitation,Incapacitation,Foot vs Horse,Europe,Sword_cutting,True,False
1051,1854.0,Cut,Head,Incapacitation,Incapacitation,Foot vs Horse,Europe,Sword_cutting,True,False
1052,1854.0,Cut,Head,Incapacitation,Incapacitation,Horse,Europe,Sword_cutting,True,False
1053,1854.0,Strike,Head,Ineffective,Ineffective,Horse,Europe,Club,False,False
1054,1854.0,Cut,Head,Incapacitation,Incapacitation,Horse,Europe,Sword_cutting,True,False
1055,1854.0,Cut,Head,Incapacitation,Incapacitation,Horse,Europe,Sword_cutting,True,False
1056,1854.0,Cut,Hand,Incapacitation,Incapacitation,Foot vs Horse,Europe,Sword_cutting,True,False
1057,1854.0,Cut,Head,Incapacitation,Incapacitation,Horse,Europe,Sword_cutting,True,False
1058,1854.0,Thrust,Torso,Incapacitation,Incapacitation,Horse,Europe,Sword_cutting,True,False
1059,1854.0,Thrust,Head,Incapacitation,Incapacitation,Horse,Europe,Sword_cutting,True,False
1060,1854.0,Cut,Head,Ineffective,Ineffective,Horse,Europe,Sword_cutting,False,False
1061,1854.0,Cut,Head,Incapacitation,Incapacitation,Horse,Europe,Sword_cutting,True,False
1062,1854.0,Thrust,Hand,Ineffective,Ineffective,Horse,Europe,Polearm,False,False
1063,1854.0,Thrust,Arm,Ineffective,Ineffective,Horse,Europe,Sword_cutting,False,False
1064,1854.0,unspecified,Arm,Ineffective,Ineffective,Foot vs Horse,Europe,Sword_cutting,False,False
1065,1854.0,Cut,Head,Death,,Foot vs Horse,Europe,Sword_cutting,True,True
1066,1854.0,unspecified,Leg,Ineffective,Ineffective,Foot vs Horse,Europe,Sword_cutting,False,False
1067,1854.0,Thrust,Torso,Ineffective,Ineffective,Foot vs Horse,Europe,Sword_cutting,False,False
1068,1854.0,Thrust,Torso,Ineffective,Ineffective,Foot vs Horse,Europe,Sword_cutting,False,False
1069,1854.0,Thrust,Head,Incapacitation,Incapacitation,Horse,Europe,Sword_cutting,True,False
1070,1854.0,Thrust,Torso,Incapacitation,Incapacitation,Horse,Europe,Polearm,True,False
1071,1854.0,Cut,Head,Ineffective,Ineffective,Horse,Europe,Sword_cutting,False,False
1072,1854.0,Thrust,Torso,Incapacitation,Incapacitation,Foot vs Horse,Europe,Polearm,True,False
1073,1854.0,Cut,Head,Incapacitation,Incapacitation,Horse,Europe,Sword_cutting,True,False
1074,1854.0,Cut,Head,Death,,Foot,Europe,Sword_cutting,True,True
1075,1854.0,Cut,Head,Death,,Foot,Europe,Sword_cutting,True,True
1076,1854.0,Cut,Head,Death,,Foot,Europe,Sword_cutting,True,True
1077,1854.0,Cut,unspecified,Ineffective,Ineffective,Foot,Europe,Sword_cutting,False,False
1078,1854.0,Cut,unspecified,Ineffective,Ineffective,Foot,Europe,Sword_cutting,False,False
1079,1854.0,Cut,unspecified,Ineffective,Ineffective,Foot,Europe,Sword_cutting,False,False
1080,1854.0,Cut,unspecified,Ineffective,Ineffective,Foot,Europe,Sword_cutting,False,False
1081,1854.0,Cut,unspecified,Ineffective,Ineffective,Foot,Europe,Sword_cutting,False,False
1082,1854.0,Cut,unspecified,Ineffective,Ineffective,Foot,Europe,Sword_cutting,False,False
1083,1854.0,Thrust,unspecified,Ineffective,Ineffective,Foot,Europe,Polearm,False,False
1084,1854.0,Thrust,unspecified,Ineffective,Ineffective,Foot,Europe,Polearm,False,False
1085,1854.0,Thrust,unspecified,Ineffective,Ineffective,Foot,Europe,Polearm,False,False
1086,1854.0,Thrust,unspecified,Ineffective,Ineffective,Foot,Europe,Polearm,False,False
1087,1854.0,Thrust,unspecified,Ineffective,Ineffective,Foot,Europe,Polearm,False,False
1088,1854.0,Thrust,unspecified,Ineffective,Ineffective,Foot,Europe,Polearm,False,False
1089,1830.0,Cut,Head,Incapacitation,Incapacitation,Horse,Europe,Sword_cutting,True,False
1090,1830.0,Thrust,Torso,Incapacitation,Incapacitation,Foot vs Horse,Europe,Sword_cutting,True,False
1091,1830.0,Thrust,unspecified,Ineffective,Ineffective,Foot vs Horse,Europe,Sword_cutting,False,False
